object_id,name,category,train_freq,rot_sym,rot_naive,trans_cm,size_rel
2168,hand_cream_012,hand_cream,39,41.6012,41.6012,2.5725,0.0607
4359,sushi_011,sushi,103,54.0074,54.0074,3.7705,0.0410
5352,zongzi_005,zongzi,53,5.2810,5.2810,1.9221,0.0292
3512,plant_013,plant,57,87.5785,91.2682,2.3911,0.0408
4352,sushi_004,sushi,90,124.7433,124.7433,16.5787,0.0523
1527,doll_060,doll,75,50.3445,50.3445,6.0435,0.0285
2177,hand_cream_022,hand_cream,88,7.3056,174.0917,1.7172,0.0220
3768,razor_004,razor,67,172.0311,172.0311,3.2534,0.1103
458,box_075,box,101,39.2651,147.0269,5.4779,0.0234
1947,glasses_case_001,glasses_case,105,177.3080,177.3080,5.4455,0.0273
1808,eraser_029,eraser,53,74.9632,145.7826,11.2501,0.1371
4539,thermos_004,thermos,82,24.2314,24.2314,1.7991,0.0141
2211,handbag_039,handbag,85,40.1248,40.1248,22.0346,0.0307
5191,wallet_045,wallet,109,178.6206,178.6206,2.4212,0.0211
3488,pizza_020,pizza,56,11.3710,20.1406,6.8140,0.0280
1431,dinosaur_014,dinosaur,74,11.5397,11.5397,2.3092,0.0419
2614,litchi_025,litchi,25,61.9806,88.8513,43.3752,0.2162
2668,lotus_root_012,lotus_root,66,28.5655,126.4663,30.2955,0.0569
1912,garlic_002,garlic,57,57.6766,57.6766,15.7294,0.0348
2566,light_024,light,97,102.5259,102.5259,7.0674,0.0679
1204,clock_024,clock,73,140.1419,140.1419,11.7295,0.0395
3540,pomegranate_025,pomegranate,57,22.1198,73.7179,4.3250,0.0107
343,book_022,book,71,10.8038,174.0753,3.8682,0.0250
1220,clock_040,clock,120,7.3489,7.3489,8.0769,0.0252
3086,oyster_023,oyster,101,175.5282,175.5282,6.7082,0.0309
1363,cup_001,cup,60,174.2893,174.2893,13.0322,0.0352
225,banana_043,banana,69,6.6193,6.6193,0.5996,0.0211
3506,plant_006,plant,106,14.9808,15.2578,7.8360,0.0466
1346,cucumber_017,cucumber,65,2.5162,2.5162,4.0191,0.0183
2470,kiwifruit_002,kiwifruit,63,172.9408,173.8195,3.4706,0.0305
44,apple_007,apple,95,16.4801,124.5559,5.8790,0.0204
1427,dinosaur_010,dinosaur,107,29.0979,29.0979,38.6636,0.0373
4699,tooth_paste_013,tooth_paste,96,3.6105,178.0488,5.8326,0.0393
451,box_068,box,110,97.1910,179.6608,16.5863,0.0278
4835,toy_bus_007,toy_bus,76,159.3034,159.3034,12.3440,0.0438
1363,cup_001,cup,60,11.6314,11.6314,17.8206,0.0615
1469,doll_001,doll,94,7.2727,7.2727,7.7913,0.0258
4303,stool_003,stool,110,164.1456,164.1456,0.8819,0.0360
1947,glasses_case_001,glasses_case,105,170.3648,170.3648,10.6196,0.0622
4835,toy_bus_007,toy_bus,76,7.0306,7.0306,2.9069,0.0295
4702,tooth_paste_016,tooth_paste,109,10.7220,175.3975,24.7711,0.0480
4241,squash_032,squash,87,27.6472,60.0699,7.3830,0.0209
1192,clock_011,clock,90,170.5364,170.5364,5.7971,0.0436
2177,hand_cream_022,hand_cream,88,29.0912,159.4623,9.9569,0.0400
718,brussels_sprout_004,brussels_sprout,45,93.5065,158.4585,6.7905,0.1322
4670,tooth_brush_011,tooth_brush,85,22.8255,22.8255,5.3033,0.0775
2881,mooncake_018,mooncake,56,68.1844,140.0302,6.1063,0.0305
616,bread_180,bread,85,118.3588,142.5600,8.7559,0.1010
752,bucket_noodle_022,bucket_noodle,76,4.3092,101.7541,2.3078,0.0118
3188,peach_005,peach,81,97.5375,100.9039,8.0062,0.0196
823,burrito_017,burrito,84,6.1576,8.3448,5.5855,0.0234
2060,hairpin_023,hairpin,39,48.0054,48.0054,39.9250,0.7392
2037,hair_dryer_037,hair_dryer,73,5.4455,5.4455,1.9399,0.0145
1739,egg_036,egg,49,114.2664,136.3459,5.8643,0.0377
4034,shampoo_030,shampoo,85,30.1320,174.0018,8.4078,0.0302
2177,hand_cream_022,hand_cream,88,20.8074,164.4155,9.1042,0.0357
3866,ricecooker_003,ricecooker,97,66.8674,66.8674,4.8494,0.0234
1542,doll_075,doll,50,170.3261,170.3262,3.4210,0.0414
5191,wallet_045,wallet,109,21.9628,21.9628,0.3997,0.0190
3051,orange_036,orange,59,27.3327,92.7153,3.3217,0.0105
1192,clock_011,clock,90,96.8225,96.8225,2.7911,0.0433
1049,cherry_007,cherry,49,17.3059,17.3059,12.9360,0.0406
5082,umbrella_002,umbrella,116,159.2231,166.6972,33.5267,0.0971
4074,shoe_015,shoe,101,62.2479,62.2479,6.2167,0.0304
423,box_040,box,89,63.9647,63.9647,12.6669,0.0854
1367,cup_005,cup,54,34.8355,34.8355,6.6251,0.0382
4074,shoe_015,shoe,101,134.7171,134.7171,43.0927,0.0230
1929,ginger_007,ginger,68,174.8494,174.8495,18.4638,0.0213
1220,clock_040,clock,120,5.1132,5.1132,4.3704,0.0407
3412,pinecone_013,pinecone,64,55.7772,160.9196,37.7061,0.0146
4409,sweet_potato_019,sweet_potato,79,145.2361,169.5073,13.2118,0.0124
1929,ginger_007,ginger,68,169.5695,169.5695,10.4341,0.0180
1873,flower_pot_007,flower_pot,91,97.8404,97.8404,6.6227,0.0209
540,bread_090,bread,78,165.4548,177.7390,10.1512,0.0199
817,burrito_011,burrito,90,9.8022,174.0224,9.1274,0.0353
3059,ornaments_001,ornaments,101,11.8022,11.8022,3.7994,0.0118
2309,helmet_007,helmet,68,165.2579,165.2579,4.8576,0.0069
4449,table_tennis_bat_003,table_tennis_bat,78,28.9083,28.9083,7.8943,0.0971
269,biscuit_010,biscuit,56,177.4474,177.4474,2.8705,0.0471
4799,toy_boat_025,toy_boat,57,31.4399,31.4399,7.9813,0.0526
39,apple_001,apple,56,90.6851,151.9142,12.5966,0.0134
2177,hand_cream_022,hand_cream,88,8.2898,173.9022,2.4553,0.0173
1929,ginger_007,ginger,68,170.2241,170.2241,10.0111,0.0295
4431,table_013,table,93,157.8977,157.8977,31.5594,0.0634
3036,orange_021,orange,121,33.9483,35.5474,7.4613,0.0171
1979,gloves_013,gloves,70,4.0244,4.0244,1.3246,0.0424
838,cake_008,cake,58,16.0953,16.0953,9.8172,0.1023
1587,drawing_002,drawing,152,65.8708,65.8708,11.8061,0.0327
3564,pomegranate_049,pomegranate,96,17.1145,18.1243,3.7637,0.0312
4702,tooth_paste_016,tooth_paste,109,3.5800,178.8823,17.1559,0.0394
453,box_070,box,73,16.9103,163.9784,21.9421,0.0346
4773,toy_animals_057,toy_animals,52,119.2710,119.2710,36.0709,0.1735
2852,microwaveoven_003,microwaveoven,81,143.6915,143.6915,16.9739,0.0183
345,book_025,book,95,83.0218,179.1278,39.3787,0.0462
1661,durian_006,durian,78,19.5715,19.5715,9.7120,0.0278
1868,flower_pot_002,flower_pot,119,94.0879,94.0879,15.2340,0.0600
2175,hand_cream_020,hand_cream,78,17.3470,170.8283,30.7951,0.0144
4056,shaomai_015,shaomai,27,77.9243,161.3250,9.3519,0.0387
2776,mangosteen_018,mangosteen,62,10.8821,27.4401,2.4656,0.0138
5352,zongzi_005,zongzi,53,35.5138,35.5138,0.9409,0.0502
350,bottle_032,bottle,73,4.2797,124.2165,9.8622,0.0389
3488,pizza_020,pizza,56,169.7607,174.1719,2.2725,0.0349
610,bread_174,bread,87,5.4060,179.5643,1.3715,0.0333
4489,tape_measure_024,tape_measure,79,50.0704,165.0946,9.1023,0.1396
742,bucket_noodle_011,bucket_noodle,113,2.9490,63.7544,1.9096,0.0356
2211,handbag_039,handbag,85,28.2087,156.0206,13.8613,0.0481
3657,potato_chips_006,potato_chips,37,64.2995,64.2995,14.0354,0.0931
4506,teapot_016,teapot,108,49.4094,49.4094,7.8760,0.0302
2037,hair_dryer_037,hair_dryer,73,160.4860,160.4860,14.9579,0.0541
4240,squash_031,squash,83,127.5424,164.1127,39.8709,0.0194
2247,hat_022,hat,57,153.1399,153.1399,11.8830,0.1143
756,bucket_noodle_026,bucket_noodle,63,73.6587,94.3462,5.1775,0.0742
973,cauliflower_002,cauliflower,91,13.7667,29.5818,7.6261,0.0293
5332,yam_020,yam,96,8.5634,133.1950,6.7167,0.0262
3564,pomegranate_049,pomegranate,96,158.5076,167.3587,6.1060,0.0129
5299,whistle_011,whistle,51,5.8170,5.8170,1.1975,0.0451
933,canned_beverage_001,canned_beverage,98,2.4471,52.8781,0.7509,0.0187
4489,tape_measure_024,tape_measure,79,16.7895,173.6470,0.3311,0.0163
431,box_048,box,61,21.6193,179.5066,2.7690,0.0290
1346,cucumber_017,cucumber,65,3.8076,71.4810,3.6780,0.0174
1504,doll_037,doll,72,177.4032,177.4032,4.5754,0.0125
5191,wallet_045,wallet,109,178.1066,178.1065,2.6380,0.0778
4489,tape_measure_024,tape_measure,79,56.3251,56.3251,42.9326,0.0553
767,bumbag_007,bumbag,104,109.0108,175.9428,6.9670,0.0272
3080,oyster_017,oyster,64,66.3990,66.3990,2.2138,0.0192
3622,potato_014,potato,46,135.5846,135.5846,5.5677,0.0461
4702,tooth_paste_016,tooth_paste,109,5.9784,5.9784,38.9706,0.0385
2881,mooncake_018,mooncake,56,11.9722,133.7426,2.7191,0.0342
2668,lotus_root_012,lotus_root,66,3.2136,13.9272,2.7558,0.0189
4345,suitcase_006,suitcase,104,119.1854,147.7997,7.5449,0.0432
4303,stool_003,stool,110,63.0315,63.0315,4.4557,0.0339
1176,chocolates_012,chocolates,43,172.2880,172.2880,24.1611,0.1041
4036,shampoo_032,shampoo,95,9.7113,9.7113,5.4285,0.0261
4701,tooth_paste_015,tooth_paste,84,13.4271,178.1965,8.8622,0.0285
3051,orange_036,orange,59,102.7560,133.6254,12.3978,0.0493
946,carrot_012,carrot,110,21.4912,65.6688,21.2702,0.0427
4362,sushi_014,sushi,61,128.0665,128.0665,8.8634,0.0301
767,bumbag_007,bumbag,104,15.6825,178.6200,8.8700,0.0881
3051,orange_036,orange,59,14.0051,83.3977,2.0017,0.0389
3650,potato_043,potato,75,19.5121,19.5121,0.7579,0.0143
2852,microwaveoven_003,microwaveoven,81,50.7364,50.7364,13.1146,0.0354
465,boxed_beverage_002,boxed_beverage,86,152.8303,174.1302,4.2799,0.0381
1431,dinosaur_014,dinosaur,74,178.2322,178.2322,6.6255,0.0191
2863,monitor_004,monitor,86,61.2368,61.2368,1.4192,0.0159
5238,watch_011,watch,49,175.3107,175.3107,5.7332,0.0298
3059,ornaments_001,ornaments,101,7.1390,7.1389,2.7781,0.0461
2566,light_024,light,97,172.4947,172.4947,6.8107,0.1396
1330,corn_032,corn,84,3.0272,54.5304,4.5649,0.0133
418,box_035,box,93,58.2899,137.2930,11.0466,0.0561
3622,potato_014,potato,46,108.6298,108.6298,2.0538,0.0222
4799,toy_boat_025,toy_boat,57,7.7724,7.7724,13.6962,0.0819
3760,pumpkin_035,pumpkin,82,19.6041,21.4603,6.4453,0.0373
1831,fan_005,fan,64,173.9899,173.9899,10.7841,0.0495
1587,drawing_002,drawing,152,9.5804,9.5804,4.0689,0.0668
2067,hamburger_002,hamburger,67,11.7851,13.2161,0.4001,0.0273
3913,sandwich_013,sandwich,70,7.4697,7.4697,7.6324,0.0844
1587,drawing_002,drawing,152,24.5674,24.5674,7.2960,0.0315
2071,hamburger_007,hamburger,66,5.2188,24.9529,7.9330,0.0094
812,burrito_006,burrito,88,10.2648,10.2648,7.1103,0.0471
4138,shrimp_041,shrimp,61,8.4110,8.4110,4.7587,0.0219
3291,picnic_basket_002,picnic_basket,106,87.0647,87.0647,12.4867,0.0191
946,carrot_012,carrot,110,7.8182,96.8417,7.0729,0.0350
1524,doll_057,doll,51,21.4531,21.4531,0.8271,0.0297
4535,thermometer_001,thermometer,57,5.4827,5.4827,13.3459,0.0376
3512,plant_013,plant,57,156.7766,157.5219,6.3815,0.0854
1192,clock_011,clock,90,31.5874,31.5874,12.9171,0.0153
4286,steamed_bun_041,steamed_bun,78,78.5432,79.8295,1.7310,0.0326
3051,orange_036,orange,59,91.6923,131.5509,20.7890,0.0565
2113,hamburger_054,hamburger,49,1.2069,105.5224,3.4951,0.0920
3054,ornament_002,ornament,56,90.8120,90.8120,16.3350,0.0418
584,bread_148,bread,100,143.6345,143.6345,0.9887,0.0114
2413,joystick_001,joystick,81,5.0485,5.0485,2.1727,0.0396
3692,power_strip_032,power_strip,80,7.4870,7.4870,35.0163,0.0147
2216,handbag_044,handbag,109,158.5144,158.5144,9.4379,0.0136
838,cake_008,cake,58,67.2200,67.2200,3.4975,0.0576
2682,lotus_root_026,lotus_root,84,177.5367,178.8632,2.3944,0.0362
1542,doll_075,doll,50,173.0028,173.0028,10.3527,0.0972
423,box_040,box,89,47.9943,142.5571,3.8584,0.0382
650,broccoli_003,broccoli,63,19.2741,86.6823,7.1360,0.0389
1462,dish_012,dish,54,87.7254,87.7254,24.2764,0.0961
79,apple_045,apple,54,31.0525,31.0525,4.7117,0.0251
1026,cheese_030,cheese,83,61.9990,74.5575,0.5485,0.0284
3059,ornaments_001,ornaments,101,5.8494,5.8494,6.4769,0.0821
3984,sausage_075,sausage,76,73.1439,177.7420,17.0230,0.0091
269,biscuit_010,biscuit,56,158.4944,158.4944,12.0722,0.0140
4391,sweet_potato_001,sweet_potato,57,8.4836,60.9869,8.8398,0.0166
1979,gloves_013,gloves,70,7.0241,7.0241,3.5689,0.0148
610,bread_174,bread,87,88.3516,169.8884,8.7933,0.0340
1469,doll_001,doll,94,13.3302,13.3303,11.8423,0.0505
559,bread_115,bread,61,162.8753,178.1594,1.1923,0.0210
540,bread_090,bread,78,59.4459,121.0870,5.9406,0.0308
3180,pastry_022,pastry,61,9.3488,56.3909,9.3843,0.0131
334,book_011,book,107,3.1500,179.2641,2.0858,0.0318
1841,fire_extinguisher_001,fire_extinguisher,103,146.2654,146.2654,4.0138,0.0206
203,banana_012,banana,73,107.1710,107.1710,12.9127,0.0443
838,cake_008,cake,58,36.4144,36.4144,1.7908,0.0140
559,bread_115,bread,61,151.9202,176.0554,2.2680,0.0652
2175,hand_cream_020,hand_cream,78,2.0952,178.9626,9.8372,0.0541
3778,red_jujube_002,red_jujube,28,143.1803,155.5046,1.1759,0.0859
3843,remote_control_030,remote_control,69,133.1152,133.1152,9.1751,0.0283
4506,teapot_016,teapot,108,17.6667,17.6667,4.1308,0.0167
3180,pastry_022,pastry,61,6.5465,62.3969,1.8276,0.0757
2413,joystick_001,joystick,81,18.5137,18.5137,2.1213,0.0119
808,burrito_002,burrito,102,48.1455,175.7118,4.4410,0.0372
2335,hot_dog_068,hot_dog,67,15.6103,178.6729,12.3705,0.1196
4074,shoe_015,shoe,101,19.4729,19.4729,3.7371,0.0179
742,bucket_noodle_011,bucket_noodle,113,33.9025,34.2294,20.3552,0.0225
756,bucket_noodle_026,bucket_noodle,63,11.2227,11.2227,10.7700,0.0447
3134,pan_003,pan,128,102.2211,102.2211,10.0528,0.0163
2979,nipple_006,nipple,52,108.5422,108.5422,26.7118,0.0302
4699,tooth_paste_013,tooth_paste,96,14.3391,14.3391,21.0398,0.0288
5130,waffle_015,waffle,70,165.5441,177.7880,7.7631,0.0326
36,antique_019,antique,57,46.0650,46.0650,4.6148,0.0680
3506,plant_006,plant,106,12.6585,46.1555,10.1442,0.0207
2211,handbag_039,handbag,85,12.4368,12.4368,5.3928,0.0306
4857,toy_bus_029,toy_bus,79,6.4790,6.4790,2.1718,0.0589
745,bucket_noodle_014,bucket_noodle,71,3.8578,6.1820,3.9153,0.0162
2152,hammer_019,hammer,89,158.6499,158.6499,8.0597,0.0266
5316,yam_003,yam,91,6.5803,103.2291,4.3614,0.0564
5191,wallet_045,wallet,109,10.3643,10.3643,1.0770,0.0257
4345,suitcase_006,suitcase,104,168.9680,177.2465,24.5941,0.0295
2351,hot_dog_084,hot_dog,59,43.0943,137.7827,7.4221,0.0248
4799,toy_boat_025,toy_boat,57,179.7634,179.7634,3.8199,0.0084
695,brush_009,brush,68,22.5222,22.5222,19.5086,0.2027
1662,durian_007,durian,69,142.1469,142.1469,12.8849,0.0593
3305,pie_005,pie,77,13.7542,13.7542,3.7616,0.0545
2589,lipstick_008,lipstick,57,8.1047,177.8858,5.6469,0.0520
752,bucket_noodle_022,bucket_noodle,76,2.8013,91.0160,3.5779,0.0110
3506,plant_006,plant,106,11.2085,64.7646,1.0097,0.0221
4990,toy_train_005,toy_train,63,14.8697,14.8697,4.2842,0.0738
838,cake_008,cake,58,127.7833,127.7833,19.5377,0.1006
2322,hot_dog_053,hot_dog,91,81.4527,81.4527,26.4637,0.0996
4271,steamed_bun_017,steamed_bun,77,25.4808,101.3132,5.2518,0.0490
5082,umbrella_002,umbrella,116,152.7993,167.7999,9.5836,0.0413
4499,teapot_009,teapot,119,19.0034,19.0034,11.9886,0.0641
79,apple_045,apple,54,100.7755,100.7755,9.2106,0.0505
946,carrot_012,carrot,110,3.4321,165.9259,5.8747,0.0203
1192,clock_011,clock,90,65.4567,65.4567,8.5657,0.0328
3540,pomegranate_025,pomegranate,57,8.2956,60.5351,4.2302,0.0100
3026,orange_011,orange,73,17.9087,83.0345,2.8668,0.0370
1739,egg_036,egg,49,7.4424,133.8366,4.6551,0.0220
756,bucket_noodle_026,bucket_noodle,63,14.9741,87.4535,3.6641,0.1056
3495,pizza_027,pizza,71,5.5364,5.8178,3.7121,0.0449
1129,china_001,china,90,129.1843,129.1843,3.6319,0.0235
2795,medicine_bottle_006,medicine_bottle,115,4.2522,178.8061,1.5130,0.0067
616,bread_180,bread,85,16.5242,176.2135,14.2053,0.0070
4449,table_tennis_bat_003,table_tennis_bat,78,6.8303,174.0847,3.0344,0.0164
5332,yam_020,yam,96,2.2621,120.8487,2.4171,0.0220
1524,doll_057,doll,51,172.7769,172.7769,20.5272,0.0407
2037,hair_dryer_037,hair_dryer,73,14.1134,14.1134,8.4773,0.0634
3378,pineapple_008,pineapple,86,3.8879,145.4051,3.4193,0.0203
4967,toy_plane_022,toy_plane,50,30.8142,30.8142,14.3367,0.0394
1462,dish_012,dish,54,8.8645,176.4830,4.0936,0.0223
4611,tissue_030,tissue,74,163.3497,163.3497,21.4932,0.0699
4550,thimble_009,thimble,49,4.8528,141.2944,18.3685,0.1611
610,bread_174,bread,87,97.9739,122.7900,10.4798,0.0313
4056,shaomai_015,shaomai,27,29.6175,70.2533,6.0006,0.0310
4939,toy_motorcycle_034,toy_motorcycle,99,18.2348,18.2348,6.5943,0.0190
4729,toy_animals_013,toy_animals,137,9.2348,9.2349,4.0295,0.0297
1374,cup_012,cup,80,175.4625,175.4625,4.9782,0.0213
5115,vase_015,vase,70,48.2229,90.0547,10.4400,0.0141
756,bucket_noodle_026,bucket_noodle,63,3.0811,105.3839,11.3671,0.0335
3343,pillow_011,pillow,126,3.0209,179.8123,5.7406,0.0327
3802,red_wine_glass_010,red_wine_glass,81,68.7715,73.4260,2.9295,0.0245
5146,waffle_031,waffle,69,7.9038,178.8523,10.9644,0.0086
2029,hair_dryer_029,hair_dryer,114,171.5940,171.5940,8.0559,0.0327
5093,umbrella_013,umbrella,101,4.6298,59.4266,3.5506,0.0185
1431,dinosaur_014,dinosaur,74,175.4152,175.4152,2.0851,0.0550
3699,projector_004,projector,95,60.4094,60.4094,9.6778,0.0843
1945,glasses_004,glasses,113,61.5381,61.5381,12.0583,0.0386
1540,doll_073,doll,23,54.0591,54.0591,7.5091,0.2479
1947,glasses_case_001,glasses_case,105,64.4411,64.4411,29.6003,0.1001
808,burrito_002,burrito,102,57.3725,59.5481,2.5902,0.0313
2667,lotus_root_011,lotus_root,80,23.0448,37.1239,11.3649,0.0429
2677,lotus_root_021,lotus_root,84,98.9736,176.3439,27.3042,0.0200
2152,hammer_019,hammer,89,176.8152,176.8152,10.8721,0.0136
2795,medicine_bottle_006,medicine_bottle,115,106.1327,106.1327,31.0934,0.0104
4449,table_tennis_bat_003,table_tennis_bat,78,15.9497,177.3504,4.6587,0.0413
3305,pie_005,pie,77,3.9487,3.9487,0.3830,0.0101
4904,toy_car_012,toy_car,69,17.2615,17.2615,1.2967,0.0331
1552,doll_085,doll,133,67.8785,67.8785,6.8367,0.0184
5082,umbrella_002,umbrella,116,21.2475,75.2214,26.4055,0.0785
3262,pear_017,pear,93,170.7964,170.9230,5.8456,0.0266
3516,plug_002,plug,80,28.0272,170.1710,35.7743,0.0704
2211,handbag_039,handbag,85,47.7454,47.7454,8.3799,0.0412
4611,tissue_030,tissue,74,22.1775,158.6413,7.8486,0.0252
4835,toy_bus_007,toy_bus,76,64.7746,64.7746,14.1509,0.0844
343,book_022,book,71,4.1710,4.1710,1.9702,0.0259
776,bun_007,bun,83,78.2008,79.3722,6.5769,0.0196
3289,phone_shell_001,phone_shell,60,87.4658,87.4658,12.6633,0.0879
2073,hamburger_009,hamburger,88,76.6697,133.9922,21.3471,0.0331
5093,umbrella_013,umbrella,101,4.3767,52.6936,14.6136,0.0311
1808,eraser_029,eraser,53,23.4881,175.1166,16.4579,0.0267
2668,lotus_root_012,lotus_root,66,175.3398,176.3530,7.1419,0.0248
2120,hami_melon_004,hami_melon,76,9.3504,114.1924,1.9749,0.0258
1992,green_bean_cake_013,green_bean_cake,56,81.2043,180.0000,23.3508,0.1082
4835,toy_bus_007,toy_bus,76,112.4955,112.4955,10.5325,0.0967
1661,durian_006,durian,78,104.1416,104.1416,2.6911,0.0265
3383,pineapple_013,pineapple,128,2.8617,161.5668,0.6803,0.0175
1129,china_001,china,90,6.1071,6.1071,1.5793,0.0240
3245,peanut_031,peanut,67,51.5791,166.1076,18.7165,0.0501
4550,thimble_009,thimble,49,174.0555,179.1206,5.4485,0.0993
3644,potato_036,potato,63,42.0801,42.0801,16.1369,0.0282
1310,corn_011,corn,46,10.4276,170.2168,2.5360,0.0193
4857,toy_bus_029,toy_bus,79,135.6155,135.6155,11.9375,0.0483
4550,thimble_009,thimble,49,34.7451,133.7866,3.4582,0.0464
626,bread_190,bread,102,46.0369,46.0369,5.3238,0.0274
5138,waffle_023,waffle,37,27.9837,162.9108,18.4035,0.1003
3378,pineapple_008,pineapple,86,4.4983,151.6792,0.9841,0.0448
3564,pomegranate_049,pomegranate,96,162.3488,171.5923,2.2762,0.0055
4074,shoe_015,shoe,101,177.3824,177.3825,37.3140,0.0355
610,bread_174,bread,87,105.4668,105.4668,24.9653,0.0504
4506,teapot_016,teapot,108,16.1197,16.1197,0.5209,0.0181
4499,teapot_009,teapot,119,3.2681,3.2681,6.0506,0.0337
1965,glasses_case_019,glasses_case,90,135.4084,135.4084,9.4336,0.0753
1277,conch_007,conch,44,171.5166,171.5166,22.4979,0.0270
1307,corn_008,corn,70,4.2142,12.8782,3.0915,0.0097
3286,pen_004,pen,55,35.7812,79.0384,3.4877,0.0394
343,book_022,book,71,5.0019,5.0019,17.8709,0.0510
3866,ricecooker_003,ricecooker,97,29.2130,29.2130,5.5320,0.0212
221,banana_039,banana,35,21.9651,21.9651,9.1801,0.0176
610,bread_174,bread,87,119.4935,119.4935,6.0216,0.0404
1408,dice_007,dice,65,87.2551,164.9113,4.5983,0.0252
1475,doll_007,doll,76,30.4583,30.4583,1.8510,0.0213
1307,corn_008,corn,70,3.4059,25.3965,3.0493,0.0077
1947,glasses_case_001,glasses_case,105,5.8746,5.8746,6.2543,0.0255
4275,steamed_bun_022,steamed_bun,69,10.8083,96.6414,3.3403,0.0296
4359,sushi_011,sushi,103,41.9804,41.9804,6.2914,0.0847
44,apple_007,apple,95,171.1602,172.4280,2.3407,0.0096
718,brussels_sprout_004,brussels_sprout,45,75.5456,175.2949,7.8989,0.0195
5093,umbrella_013,umbrella,101,2.3923,52.2334,1.5842,0.0255
1485,doll_017,doll,45,25.2852,25.2852,6.2623,0.0858
742,bucket_noodle_011,bucket_noodle,113,4.2775,41.3064,4.1258,0.0163
1204,clock_024,clock,73,99.5284,99.5284,3.8584,0.0250
2247,hat_022,hat,57,135.8512,135.8512,18.3021,0.0922
4275,steamed_bun_022,steamed_bun,69,10.6738,35.1209,0.5720,0.0427
1504,doll_037,doll,72,22.9778,22.9777,4.2299,0.0761
946,carrot_012,carrot,110,6.6503,35.2159,5.2038,0.0482
1462,dish_012,dish,54,13.1211,169.5098,2.7745,0.1024
2525,lemon_013,lemon,49,20.2986,132.2068,6.7479,0.0231
2667,lotus_root_011,lotus_root,80,7.5827,153.7401,0.9691,0.0196
2073,hamburger_009,hamburger,88,11.4160,163.3409,5.4595,0.0129
4499,teapot_009,teapot,119,11.1524,11.1525,17.1426,0.0174
4799,toy_boat_025,toy_boat,57,122.9997,122.9997,22.8604,0.0128
1330,corn_032,corn,84,3.1663,37.1122,10.3936,0.0094
4394,sweet_potato_004,sweet_potato,39,159.7718,174.0456,22.0988,0.0446
2614,litchi_025,litchi,25,144.8109,178.0108,9.8608,0.0401
4359,sushi_011,sushi,103,139.0505,139.0505,16.2315,0.0529
4303,stool_003,stool,110,72.8052,72.8052,4.1269,0.0496
4799,toy_boat_025,toy_boat,57,23.7774,23.7774,14.9861,0.0265
4570,timer_007,timer,76,7.4156,7.4156,2.3801,0.0252
4359,sushi_011,sushi,103,67.2767,67.2767,8.7036,0.0253
4587,tissue_002,tissue,65,162.0433,172.0736,1.8126,0.0260
1979,gloves_013,gloves,70,10.0887,10.0887,4.4616,0.0255
1540,doll_073,doll,23,87.5235,87.5235,10.7170,0.1492
933,canned_beverage_001,canned_beverage,98,9.9944,103.5128,4.1621,0.0536
3257,pear_012,pear,53,16.8887,87.3122,3.4440,0.0153
3286,pen_004,pen,55,158.9458,163.3983,6.4585,0.0513
4286,steamed_bun_041,steamed_bun,78,3.5454,122.4517,8.8164,0.0415
4036,shampoo_032,shampoo,95,2.6255,179.7133,2.4494,0.0302
1307,corn_008,corn,70,5.1210,5.1210,14.8865,0.0236
3054,ornament_002,ornament,56,132.0038,132.0038,3.1056,0.0240
1084,chicken_leg_008,chicken_leg,87,179.4019,179.4019,4.3531,0.0448
3026,orange_011,orange,73,13.6240,41.4662,1.7854,0.0139
3866,ricecooker_003,ricecooker,97,100.3085,100.3085,13.0840,0.0380
4499,teapot_009,teapot,119,12.5227,12.5227,6.8905,0.0273
3622,potato_014,potato,46,55.3654,55.3654,8.2103,0.0580
2211,handbag_039,handbag,85,94.3953,94.3953,17.3595,0.0498
3305,pie_005,pie,77,6.5439,13.6067,8.0614,0.0360
2525,lemon_013,lemon,49,6.7422,88.6001,0.9867,0.0263
3768,razor_004,razor,67,8.5775,8.5776,9.0190,0.1438
1630,dumbbell_015,dumbbell,51,66.4167,126.9317,1.1638,0.0301
2367,house_011,house,35,177.9739,177.9739,8.6557,0.0251
2949,mushroom_046,mushroom,35,3.7858,23.0102,2.6510,0.0227
1221,clock_041,clock,88,6.4389,6.4389,4.0800,0.0218
2073,hamburger_009,hamburger,88,124.3832,152.6895,13.2418,0.0239
5260,watermelon_028,watermelon,81,55.6958,55.6958,3.6863,0.0371
4534,teddy_bear_010,teddy_bear,96,51.7976,51.7976,3.9076,0.0396
4570,timer_007,timer,76,69.2306,69.2306,20.2535,0.0270
1469,doll_001,doll,94,11.6236,11.6236,1.9339,0.0175
1831,fan_005,fan,64,58.0267,58.0267,47.0286,0.0562
4038,shampoo_034,shampoo,62,5.0880,5.0880,2.3809,0.0084
3355,pillow_027,pillow,97,21.6530,160.8929,27.4823,0.0284
1527,doll_060,doll,75,10.3008,10.3008,2.5656,0.0258
3650,potato_043,potato,75,88.6086,88.6086,16.8989,0.0515
1330,corn_032,corn,84,2.7986,52.4376,0.6945,0.0307
1049,cherry_007,cherry,49,16.5302,170.2840,8.8056,0.0261
4570,timer_007,timer,76,70.6825,70.6825,2.5931,0.0179
1139,chinese_chess_001,chinese_chess,43,166.3889,172.2802,39.1749,0.0731
1176,chocolates_012,chocolates,43,145.3507,145.3507,9.1259,0.2945
2120,hami_melon_004,hami_melon,76,19.7406,69.0694,1.3623,0.0381
182,bamboo_shoots_028,bamboo_shoots,93,10.4598,89.7849,4.3707,0.0309
4499,teapot_009,teapot,119,33.2781,33.2781,16.6558,0.0373
1912,garlic_002,garlic,57,24.4417,24.4417,4.4745,0.0447
5146,waffle_031,waffle,69,8.5375,42.6855,9.9820,0.0121
4699,tooth_paste_013,tooth_paste,96,6.6761,177.7301,9.8928,0.0301
1469,doll_001,doll,94,9.7251,9.7251,16.1256,0.0229
5138,waffle_023,waffle,37,2.9674,114.3866,10.1341,0.0163
1245,coconut_005,coconut,95,105.9700,106.0530,1.0983,0.0662
182,bamboo_shoots_028,bamboo_shoots,93,2.9175,12.4230,3.2673,0.0441
1868,flower_pot_002,flower_pot,119,34.0857,34.0857,4.2513,0.0463
44,apple_007,apple,95,14.5170,86.5989,16.3906,0.0466
4699,tooth_paste_013,tooth_paste,96,3.9462,176.4577,5.8228,0.0315
2503,laptop_004,laptop,107,66.0307,66.0307,2.1289,0.0420
2351,hot_dog_084,hot_dog,59,19.7934,177.0138,0.9549,0.0141
4499,teapot_009,teapot,119,152.6117,152.6117,4.4727,0.0250
2525,lemon_013,lemon,49,36.3447,101.6303,3.1562,0.1177
3059,ornaments_001,ornaments,101,6.5477,6.5477,3.8482,0.0093
4449,table_tennis_bat_003,table_tennis_bat,78,4.3192,4.3192,1.8577,0.0134
4649,tomato_020,tomato,49,125.3180,125.4333,34.7380,0.0437
458,box_075,box,101,4.2298,179.6495,2.0952,0.0340
2881,mooncake_018,mooncake,56,9.9600,138.8350,0.5224,0.0176
3846,rice_cake_003,rice_cake,52,173.6796,173.6796,8.7398,0.0409
458,box_075,box,101,12.6440,12.6440,3.3099,0.0077
1217,clock_037,clock,72,21.5352,21.5352,7.4830,0.0153
1219,clock_039,clock,91,9.3203,9.3203,2.9752,0.0209
133,backpack_032,backpack,73,175.0050,175.0050,9.7437,0.0542
4539,thermos_004,thermos,82,107.2547,107.2547,5.8584,0.0298
4197,spanner_002,spanner,67,156.0190,156.0190,6.3143,0.0355
3036,orange_021,orange,121,12.7163,104.6648,2.6628,0.0282
1873,flower_pot_007,flower_pot,91,14.2994,14.2994,10.6810,0.0198
2507,laundry_detergent_004,laundry_detergent,91,30.2754,30.2754,9.9717,0.0831
3305,pie_005,pie,77,2.2659,21.3939,2.4225,0.0328
445,box_062,box,67,69.1479,133.7057,13.8625,0.2187
3768,razor_004,razor,67,34.3225,34.3225,3.5974,0.0264
3342,pillow_010,pillow,129,8.7052,177.0552,4.0525,0.0123
4161,soap_017,soap,51,10.8594,10.8594,18.9710,0.0294
556,bread_109,bread,76,12.7514,177.2435,10.0763,0.0468
3291,picnic_basket_002,picnic_basket,106,172.2931,173.7164,6.7440,0.0108
4550,thimble_009,thimble,49,80.7063,105.2252,11.8517,0.2013
2507,laundry_detergent_004,laundry_detergent,91,6.9313,6.9313,2.2178,0.0197
1251,coconut_012,coconut,83,5.3812,144.8891,6.2114,0.0201
405,box_020,box,111,9.4487,171.5715,1.2968,0.0261
3495,pizza_027,pizza,71,9.6387,17.7570,1.5690,0.0293
1469,doll_001,doll,94,171.5298,171.5298,6.6598,0.0232
1552,doll_085,doll,133,61.6188,61.6188,1.3800,0.0247
500,bread_037,bread,71,1.7276,1.7276,6.4266,0.0195
2216,handbag_044,handbag,109,8.3850,178.8492,5.6025,0.0053
2029,hair_dryer_029,hair_dryer,114,103.8863,103.8863,13.0072,0.0198
253,belt_019,belt,82,100.5406,100.5406,7.8239,0.0319
2037,hair_dryer_037,hair_dryer,73,90.3919,90.3919,9.2063,0.0231
491,bread_020,bread,37,6.2379,6.2379,1.4903,0.0153
4702,tooth_paste_016,tooth_paste,109,5.8602,5.8602,1.8346,0.0150
656,broccoli_009,broccoli,85,30.1989,119.6516,2.7329,0.0097
695,brush_009,brush,68,17.8740,17.8740,15.0072,0.0339
1929,ginger_007,ginger,68,96.5083,96.5083,3.8072,0.0432
4138,shrimp_041,shrimp,61,16.0865,16.0865,2.3745,0.0174
4240,squash_031,squash,83,37.2936,107.1314,5.7870,0.0405
4197,spanner_002,spanner,67,36.5720,36.5720,45.5782,0.0363
4056,shaomai_015,shaomai,27,11.1531,51.3448,3.3689,0.0339
2949,mushroom_046,mushroom,35,152.9014,167.1827,5.1204,0.0439
2137,hammer_003,hammer,64,173.0633,173.0633,17.7427,0.0967
4286,steamed_bun_041,steamed_bun,78,2.6530,99.1731,7.4255,0.0295
4048,shaomai_007,shaomai,50,172.0836,172.4938,17.0628,0.0576
3465,pitaya_045,pitaya,86,17.4940,45.8017,7.7768,0.0453
3383,pineapple_013,pineapple,128,19.8393,118.6860,11.4344,0.0272
559,bread_115,bread,61,106.3802,106.3802,6.1659,0.0280
5138,waffle_023,waffle,37,167.5583,168.5466,9.7252,0.0753
423,box_040,box,89,41.3785,41.3785,2.5248,0.0768
3802,red_wine_glass_010,red_wine_glass,81,58.6773,109.1500,46.0267,0.0508
221,banana_039,banana,35,117.3240,117.3240,3.4916,0.0805
875,candle_001,candle,75,13.6514,13.6514,30.8098,0.0479
5344,yam_032,yam,86,54.5466,168.8493,19.5420,0.0314
1310,corn_011,corn,46,7.1014,112.4181,11.7007,0.0101
2073,hamburger_009,hamburger,88,168.8557,172.0409,6.8722,0.0514
3262,pear_017,pear,93,5.4862,123.1066,4.1241,0.0158
4670,tooth_brush_011,tooth_brush,85,175.4309,175.4309,6.1051,0.0867
225,banana_043,banana,69,17.4573,17.4573,27.0197,0.0487
3378,pineapple_008,pineapple,86,10.4817,68.2726,7.5821,0.0118
1470,doll_002,doll,133,6.5985,6.5985,2.3000,0.0167
933,canned_beverage_001,canned_beverage,98,7.1218,81.1271,7.3662,0.0160
1587,drawing_002,drawing,152,18.4090,18.4090,4.1830,0.0317
4821,toy_boat_056,toy_boat,76,22.6936,22.6936,4.3383,0.0131
2247,hat_022,hat,57,29.5154,29.5154,2.5858,0.0363
1485,doll_017,doll,45,40.7381,40.7381,5.6723,0.0134
4098,shrimp_001,shrimp,87,153.3888,153.3888,9.7904,0.0350
4489,tape_measure_024,tape_measure,79,55.2439,166.3426,4.8844,0.0294
3866,ricecooker_003,ricecooker,97,165.6123,165.6123,4.8783,0.0253
196,banana_005,banana,83,165.9315,165.9315,0.9563,0.0354
1277,conch_007,conch,44,57.8366,57.8366,3.2504,0.0323
3091,oyster_030,oyster,69,125.8044,125.8044,6.5531,0.0393
2503,laptop_004,laptop,107,56.3309,56.3309,13.5075,0.0143
3291,picnic_basket_002,picnic_basket,106,7.0783,7.0783,15.9102,0.0694
4990,toy_train_005,toy_train,63,96.8442,96.8442,7.4039,0.0157
2640,loquat_002,loquat,36,137.6643,155.2446,13.0345,0.1355
756,bucket_noodle_026,bucket_noodle,63,1.9376,136.8084,14.4336,0.0595
4303,stool_003,stool,110,46.8303,46.8303,10.0941,0.0260
4252,starfish_007,starfish,109,29.4801,29.4801,1.1914,0.0197
211,banana_023,banana,63,10.1823,10.1823,4.9364,0.0348
2067,hamburger_002,hamburger,67,15.4699,175.8541,1.4660,0.0250
3080,oyster_017,oyster,64,155.5006,155.5006,2.3549,0.0556
2239,hat_013,hat,100,42.2044,42.2044,2.0975,0.0368
3540,pomegranate_025,pomegranate,57,53.7025,93.0591,8.8503,0.0320
626,bread_190,bread,102,18.5295,18.5295,3.0030,0.0117
4394,sweet_potato_004,sweet_potato,39,58.6755,62.5266,52.2656,0.0578
362,bottle_050,bottle,70,174.1705,178.1273,16.3923,0.0191
1277,conch_007,conch,44,28.0609,28.0609,1.3448,0.0170
1979,gloves_013,gloves,70,22.5493,22.5493,5.4535,0.0255
5238,watch_011,watch,49,130.7188,130.7188,0.3194,0.0263
5260,watermelon_028,watermelon,81,27.5324,27.5324,6.0947,0.0572
5138,waffle_023,waffle,37,11.5045,113.8484,5.0458,0.0392
3073,oyster_006,oyster,80,26.6355,26.6355,10.1876,0.0385
946,carrot_012,carrot,110,101.9643,111.3260,34.5273,0.0647
4857,toy_bus_029,toy_bus,79,14.6921,14.6921,1.6453,0.0537
2413,joystick_001,joystick,81,28.6610,28.6610,7.0966,0.0046
5332,yam_020,yam,96,6.6767,53.9541,5.0719,0.0137
2309,helmet_007,helmet,68,19.3671,19.3671,3.1933,0.0209
3091,oyster_030,oyster,69,171.5850,171.5850,13.7471,0.0409
3495,pizza_027,pizza,71,167.3327,171.8709,37.9979,0.0328
852,cake_022,cake,91,62.2347,62.2347,1.7437,0.0208
445,box_062,box,67,18.0418,179.9374,2.1984,0.0378
85,apple_051,apple,68,5.9584,108.0140,3.2927,0.0196
2322,hot_dog_053,hot_dog,91,25.6917,25.6917,10.0429,0.0058
1367,cup_005,cup,54,113.3245,113.3245,61.1095,0.0349
203,banana_012,banana,73,13.5285,13.5285,2.0415,0.0349
4391,sweet_potato_001,sweet_potato,57,168.5145,177.5466,1.1528,0.0157
610,bread_174,bread,87,70.6363,70.6363,7.4259,0.0177
4379,sushi_031,sushi,52,147.3535,147.3535,8.5858,0.0489
4489,tape_measure_024,tape_measure,79,157.0365,157.0365,17.6598,0.0533
39,apple_001,apple,56,11.7320,116.2461,1.7404,0.0045
5352,zongzi_005,zongzi,53,6.6837,6.6837,3.4510,0.0215
2881,mooncake_018,mooncake,56,99.8277,159.6324,20.7380,0.0300
2514,lemon_002,lemon,29,169.8863,171.1314,4.0475,0.0261
2525,lemon_013,lemon,49,3.5112,101.1880,4.7466,0.0435
2881,mooncake_018,mooncake,56,10.0446,32.9091,7.5600,0.0205
4352,sushi_004,sushi,90,154.8550,154.8550,22.7267,0.0714
3289,phone_shell_001,phone_shell,60,178.0441,178.0439,8.7943,0.0726
1139,chinese_chess_001,chinese_chess,43,21.5406,61.4771,35.0072,0.1357
423,box_040,box,89,79.1066,79.1066,9.9371,0.0382
3768,razor_004,razor,67,166.3856,166.3856,17.8156,0.0315
350,bottle_032,bottle,73,143.3095,150.4487,23.5125,0.0887
1310,corn_011,corn,46,5.4908,123.6273,11.1474,0.0142
756,bucket_noodle_026,bucket_noodle,63,4.3935,170.2163,7.0437,0.1077
973,cauliflower_002,cauliflower,91,31.4323,146.3674,15.1449,0.0484
3622,potato_014,potato,46,53.7661,53.7661,0.8001,0.0331
4074,shoe_015,shoe,101,15.4553,15.4553,4.7848,0.0757
933,canned_beverage_001,canned_beverage,98,109.1500,110.5267,35.2472,0.1016
1615,drum_002,drum,66,5.0585,171.5976,4.7094,0.0143
1504,doll_037,doll,72,31.4730,31.4730,10.9088,0.0314
1363,cup_001,cup,60,89.5928,89.5928,2.5032,0.0195
2309,helmet_007,helmet,68,15.3058,15.3058,6.2492,0.0242
3180,pastry_022,pastry,61,176.2663,177.3426,10.6076,0.0436
2152,hammer_019,hammer,89,8.6441,8.6441,3.6590,0.0702
2029,hair_dryer_029,hair_dryer,114,7.7223,7.7223,6.1384,0.0355
4702,tooth_paste_016,tooth_paste,109,5.4911,5.4911,1.0212,0.0128
808,burrito_002,burrito,102,4.4676,176.8038,2.8648,0.0317
4550,thimble_009,thimble,49,7.9080,156.8942,5.9538,0.0058
4499,teapot_009,teapot,119,5.5392,5.5392,3.7893,0.0109
3051,orange_036,orange,59,80.7337,104.3436,2.6711,0.0231
1542,doll_075,doll,50,163.8449,163.8449,2.3690,0.0177
581,bread_145,bread,71,9.5917,179.3801,2.0453,0.0217
1593,drawing_008,drawing,115,86.6391,86.6391,21.3142,0.0549
232,beauty_blender_002,beauty_blender,79,70.4234,70.4234,26.2837,0.0698
1470,doll_002,doll,133,27.0606,27.0606,3.2959,0.0132
626,bread_190,bread,102,2.6366,2.6366,1.7371,0.0312
824,cabinet_001,cabinet,98,136.2766,136.2766,9.5381,0.0295
1192,clock_011,clock,90,54.9411,54.9411,0.9957,0.0099
1204,clock_024,clock,73,67.5459,67.5459,16.7455,0.0290
2636,longan_018,longan,40,116.9568,170.3302,3.6274,0.0213
4263,starfish_018,starfish,81,44.6473,44.6473,9.1016,0.0168
913,candy_038,candy,66,21.7148,176.0812,4.6447,0.0385
1753,egg_tart_001,egg_tart,58,39.1281,134.6714,12.5826,0.0058
742,bucket_noodle_011,bucket_noodle,113,5.7726,136.9243,9.1069,0.0316
3342,pillow_010,pillow,129,21.7243,21.7243,6.2802,0.0306
756,bucket_noodle_026,bucket_noodle,63,5.9066,163.5968,2.8775,0.0537
2640,loquat_002,loquat,36,156.0538,159.1956,0.2625,0.0362
2852,microwaveoven_003,microwaveoven,81,107.7075,107.7075,20.7910,0.0185
5260,watermelon_028,watermelon,81,34.8353,34.8353,5.4232,0.0308
5188,wallet_042,wallet,101,177.2484,177.2484,3.1585,0.0742
2886,mouse_003,mouse,90,176.4386,176.4385,32.5071,0.0535
1831,fan_005,fan,64,157.9112,157.9112,25.2769,0.1244
5243,water_chestnut_002,water_chestnut,37,4.2526,56.6478,8.2415,0.0660
2636,longan_018,longan,40,32.2508,34.3988,10.4824,0.0738
431,box_048,box,61,74.5505,176.1176,2.0026,0.0325
1251,coconut_012,coconut,83,131.8963,170.2172,18.2073,0.0179
3257,pear_012,pear,53,149.5401,149.5401,7.1769,0.0312
465,boxed_beverage_002,boxed_beverage,86,105.6568,120.4950,57.6127,0.0325
767,bumbag_007,bumbag,104,14.3424,178.9979,16.0331,0.0503
2037,hair_dryer_037,hair_dryer,73,167.5847,167.5847,5.4669,0.0261
2525,lemon_013,lemon,49,6.3715,112.7966,3.6066,0.0142
334,book_011,book,107,49.5937,178.0832,1.5973,0.0335
4489,tape_measure_024,tape_measure,79,23.6184,23.6184,8.5867,0.0325
85,apple_051,apple,68,7.5668,40.0914,3.7024,0.0278
4857,toy_bus_029,toy_bus,79,94.0973,94.0973,5.5797,0.0871
776,bun_007,bun,83,25.6943,25.6943,2.0426,0.0066
4431,table_013,table,93,155.1691,155.1691,9.2522,0.0497
4161,soap_017,soap,51,3.3927,179.9604,8.8041,0.0926
1294,conch_025,conch,46,94.0362,94.0363,20.5657,0.0401
808,burrito_002,burrito,102,4.1832,45.8932,9.6745,0.0670
3692,power_strip_032,power_strip,80,73.5533,73.5533,10.3860,0.0295
4359,sushi_011,sushi,103,168.8944,168.8944,50.2659,0.0579
2164,hand_cream_008,hand_cream,64,6.3079,178.1406,1.2565,0.0189
1831,fan_005,fan,64,111.3601,111.3601,14.7606,0.1257
1294,conch_025,conch,46,111.4852,111.4852,45.0218,0.0264
1542,doll_075,doll,50,166.6133,166.6133,3.3169,0.0329
2703,magnet_004,magnet,30,20.2794,45.0507,3.4282,0.0504
4534,teddy_bear_010,teddy_bear,96,171.4797,171.4797,7.6689,0.0647
418,box_035,box,93,61.8915,130.0684,8.8379,0.0427
4345,suitcase_006,suitcase,104,6.6358,6.6358,3.7950,0.0161
3289,phone_shell_001,phone_shell,60,5.3253,5.3252,1.5403,0.0225
4197,spanner_002,spanner,67,6.1134,6.1134,1.0769,0.0033
502,bread_039,bread,76,10.4264,10.4264,3.2343,0.0277
767,bumbag_007,bumbag,104,11.6537,176.1031,10.5336,0.0770
1363,cup_001,cup,60,18.0691,18.0691,4.6956,0.0288
2589,lipstick_008,lipstick,57,12.7603,133.4425,10.2669,0.0192
362,bottle_050,bottle,70,25.7312,25.8617,3.5937,0.0246
51,apple_014,apple,69,10.2662,56.4056,7.1263,0.0380
1873,flower_pot_007,flower_pot,91,7.1956,7.1956,3.2654,0.0395
2525,lemon_013,lemon,49,143.1633,178.8507,20.2692,0.0213
196,banana_005,banana,83,12.6641,12.6641,6.4909,0.0632
269,biscuit_010,biscuit,56,164.7737,164.7737,5.5858,0.0130
3305,pie_005,pie,77,18.4678,76.8026,19.8131,0.0343
2333,hot_dog_066,hot_dog,55,28.3656,170.5172,1.8206,0.0106
3378,pineapple_008,pineapple,86,4.8845,91.4331,2.4944,0.0090
3802,red_wine_glass_010,red_wine_glass,81,7.8469,78.5784,1.5628,0.0049
1495,doll_028,doll,80,11.5764,11.5764,3.0351,0.0235
581,bread_145,bread,71,14.3445,171.0609,5.0393,0.0281
3355,pillow_027,pillow,97,2.3765,178.6943,13.2813,0.0175
1831,fan_005,fan,64,52.2065,52.2065,46.6945,0.1767
3512,plant_013,plant,57,99.1692,99.2662,1.6674,0.0458
4570,timer_007,timer,76,145.9960,145.9960,6.1210,0.0207
3843,remote_control_030,remote_control,69,176.6525,176.6525,13.6726,0.0337
203,banana_012,banana,73,18.0533,18.0533,12.6984,0.0139
465,boxed_beverage_002,boxed_beverage,86,7.1900,7.1900,8.6154,0.0347
2668,lotus_root_012,lotus_root,66,172.9869,173.0116,14.4565,0.0398
1221,clock_041,clock,88,14.7556,14.7555,1.7730,0.0312
1690,dustbin_005,dustbin,111,84.0011,84.0011,24.8704,0.0425
4038,shampoo_034,shampoo,62,7.5633,179.5244,6.6682,0.0273
1307,corn_008,corn,70,136.2604,173.3405,18.6217,0.1055
2177,hand_cream_022,hand_cream,88,1.4570,179.8231,2.4477,0.0195
4409,sweet_potato_019,sweet_potato,79,1.2549,100.8611,5.6802,0.0202
5332,yam_020,yam,96,6.0653,120.7509,0.1985,0.0162
4161,soap_017,soap,51,23.5644,168.0543,8.2764,0.0492
2614,litchi_025,litchi,25,44.3200,158.6933,11.6731,0.0181
2667,lotus_root_011,lotus_root,80,3.3071,115.4902,5.5259,0.0077
4528,teddy_bear_004,teddy_bear,94,142.4860,142.4860,18.1876,0.0759
1310,corn_011,corn,46,6.0717,143.2902,0.2369,0.0205
3564,pomegranate_049,pomegranate,96,13.7167,65.4245,2.9648,0.0070
838,cake_008,cake,58,73.0844,73.0844,1.6969,0.0668
1429,dinosaur_012,dinosaur,99,166.3524,166.3524,10.0782,0.0341
2413,joystick_001,joystick,81,160.8470,160.8470,4.1696,0.0177
3073,oyster_006,oyster,80,22.1407,22.1407,1.8293,0.0173
4528,teddy_bear_004,teddy_bear,94,2.2055,2.2055,3.4261,0.0426
946,carrot_012,carrot,110,73.1613,118.0122,5.2639,0.0276
5082,umbrella_002,umbrella,116,3.4344,140.0757,5.2530,0.0413
4528,teddy_bear_004,teddy_bear,94,28.9093,28.9093,6.6019,0.0088
4391,sweet_potato_001,sweet_potato,57,171.2709,175.9080,7.1587,0.0282
4490,tape_measure_025,tape_measure,68,14.6019,14.6019,2.2948,0.0641
2120,hami_melon_004,hami_melon,76,13.6843,179.3954,2.4311,0.0181
3564,pomegranate_049,pomegranate,96,27.3637,76.0406,1.6736,0.0212
3778,red_jujube_002,red_jujube,28,166.5654,166.8607,5.2925,0.0441
453,box_070,box,73,4.8466,178.6051,10.4400,0.0383
4670,tooth_brush_011,tooth_brush,85,168.7980,168.7980,5.0994,0.0395
1374,cup_012,cup,80,17.2263,17.2263,1.6475,0.0323
405,box_020,box,111,13.0338,178.3151,5.8731,0.0394
2309,helmet_007,helmet,68,103.2477,103.2477,6.9149,0.0184
51,apple_014,apple,69,6.2850,115.4032,1.9479,0.0343
5238,watch_011,watch,49,155.9583,155.9583,0.8301,0.0534
3305,pie_005,pie,77,87.2701,121.6557,24.5944,0.0153
2414,kennel_001,kennel,95,95.3080,95.3080,7.0364,0.0144
5260,watermelon_028,watermelon,81,15.1297,15.1297,1.3515,0.0382
756,bucket_noodle_026,bucket_noodle,63,5.2375,154.8676,5.7018,0.0918
2677,lotus_root_021,lotus_root,84,170.9083,171.1282,7.7301,0.0063
4275,steamed_bun_022,steamed_bun,69,111.6330,158.4935,3.2254,0.0293
933,canned_beverage_001,canned_beverage,98,25.4063,28.6820,6.0124,0.0507
1587,drawing_002,drawing,152,10.0330,171.6945,5.9209,0.0375
445,box_062,box,67,30.1007,174.6283,3.8727,0.0854
423,box_040,box,89,18.8548,172.1211,19.2950,0.1029
2247,hat_022,hat,57,32.9335,32.9335,1.3171,0.0117
4359,sushi_011,sushi,103,79.1020,79.1020,3.6981,0.0454
1676,durian_021,durian,117,29.5682,29.5682,6.0936,0.0243
225,banana_043,banana,69,172.0832,172.0832,2.3629,0.0515
3091,oyster_030,oyster,69,49.2437,49.2437,9.1830,0.0161
823,burrito_017,burrito,84,2.7911,175.6019,2.3051,0.0703
4670,tooth_brush_011,tooth_brush,85,174.8840,174.8840,6.3835,0.0561
1587,drawing_002,drawing,152,7.8739,175.7413,7.2760,0.0314
4263,starfish_018,starfish,81,121.2572,121.2572,2.0989,0.0325
4490,tape_measure_025,tape_measure,68,12.1843,12.1843,3.7197,0.0048
933,canned_beverage_001,canned_beverage,98,3.2690,45.8998,2.2771,0.0116
1889,flute_001,flute,91,7.3809,7.3809,7.9557,0.0127
3036,orange_021,orange,121,7.2966,77.5579,10.0020,0.0398
3540,pomegranate_025,pomegranate,57,75.3308,125.6660,6.4620,0.0175
2470,kiwifruit_002,kiwifruit,63,62.4725,80.4476,2.5117,0.0081
776,bun_007,bun,83,24.2076,24.2076,2.4460,0.0292
4362,sushi_014,sushi,61,167.0730,167.0730,27.8117,0.0331
4729,toy_animals_013,toy_animals,137,54.0810,54.0810,4.9962,0.0451
1217,clock_037,clock,72,10.4710,10.4710,7.8773,0.0281
3699,projector_004,projector,95,163.0521,163.0521,5.8615,0.0660
350,bottle_032,bottle,73,6.6596,126.1281,6.2088,0.0281
2413,joystick_001,joystick,81,6.1638,6.1638,7.5177,0.0306
1367,cup_005,cup,54,95.8327,95.8327,38.8732,0.0420
1868,flower_pot_002,flower_pot,119,159.1655,159.1655,26.3666,0.0305
1947,glasses_case_001,glasses_case,105,9.8603,9.8603,10.2540,0.0372
4509,teapot_019,teapot,64,12.3076,12.3076,12.6089,0.0379
4352,sushi_004,sushi,90,175.7373,175.7373,2.8983,0.0125
1462,dish_012,dish,54,94.9123,98.0603,27.6437,0.0692
343,book_022,book,71,0.6921,179.6631,14.0623,0.0514
211,banana_023,banana,63,30.9167,30.9167,11.1331,0.0111
3188,peach_005,peach,81,6.9976,127.5630,1.1428,0.0083
465,boxed_beverage_002,boxed_beverage,86,92.4761,161.4012,8.6275,0.0861
502,bread_039,bread,76,3.5032,3.5032,2.9955,0.0221
752,bucket_noodle_022,bucket_noodle,76,4.1798,107.9464,5.4793,0.0142
3699,projector_004,projector,95,165.4064,165.4064,3.8099,0.0363
946,carrot_012,carrot,110,2.7285,36.8564,7.0447,0.0394
1593,drawing_008,drawing,115,23.6093,23.6093,3.4717,0.0148
3144,pancake_009,pancake,70,4.9882,86.1848,7.2387,0.0323
4352,sushi_004,sushi,90,28.1257,28.1257,11.4174,0.0284
3036,orange_021,orange,121,17.6814,68.8735,10.7014,0.0077
465,boxed_beverage_002,boxed_beverage,86,14.4412,167.0773,1.3399,0.0401
946,carrot_012,carrot,110,3.7785,31.8731,0.8128,0.0285
4799,toy_boat_025,toy_boat,57,179.9011,179.9031,8.7923,0.0524
3866,ricecooker_003,ricecooker,97,98.4250,98.4250,8.3071,0.0245
2589,lipstick_008,lipstick,57,176.2441,176.9669,24.5319,0.2295
4263,starfish_018,starfish,81,3.3185,3.3185,7.1127,0.0067
2525,lemon_013,lemon,49,176.9934,177.6924,4.5318,0.0152
1527,doll_060,doll,75,82.6257,82.6257,14.5220,0.0900
2309,helmet_007,helmet,68,169.2260,169.2260,8.0858,0.0309
5299,whistle_011,whistle,51,49.3019,49.3019,11.9308,0.0330
4904,toy_car_012,toy_car,69,15.5932,15.5932,0.7780,0.0197
1593,drawing_008,drawing,115,55.3441,164.5317,6.7790,0.0300
4241,squash_032,squash,87,89.6743,136.1570,51.2195,0.0495
2682,lotus_root_026,lotus_root,84,172.3138,174.3130,2.0013,0.0444
3286,pen_004,pen,55,171.6643,172.6338,4.7962,0.0281
2636,longan_018,longan,40,64.9579,88.9973,5.5060,0.0941
4702,tooth_paste_016,tooth_paste,109,4.9516,179.4301,1.9811,0.0146
2640,loquat_002,loquat,36,29.1926,142.5919,3.6297,0.0616
1587,drawing_002,drawing,152,167.9411,172.2530,5.0962,0.0213
458,box_075,box,101,53.1113,150.8050,3.9340,0.0243
5191,wallet_045,wallet,109,146.8395,146.8395,14.0454,0.0118
4990,toy_train_005,toy_train,63,5.9134,5.9135,4.9230,0.0224
745,bucket_noodle_014,bucket_noodle,71,4.3065,72.1909,2.1584,0.0269
1217,clock_037,clock,72,156.6211,156.6211,2.6800,0.0367
2037,hair_dryer_037,hair_dryer,73,18.2424,18.2424,3.8334,0.0726
3412,pinecone_013,pinecone,64,24.2359,109.8938,18.1585,0.0274
946,carrot_012,carrot,110,6.5736,48.6171,2.0376,0.0165
742,bucket_noodle_011,bucket_noodle,113,4.4747,65.1439,5.4002,0.0152
5332,yam_020,yam,96,3.7177,4.1558,10.3031,0.0675
1662,durian_007,durian,69,73.1813,73.1813,7.1023,0.0037
133,backpack_032,backpack,73,176.5042,176.5042,5.4815,0.0133
2814,medicine_bottle_029,medicine_bottle,72,3.9394,18.2770,7.3338,0.0289
423,box_040,box,89,14.7513,175.5450,14.2024,0.0671
2776,mangosteen_018,mangosteen,62,18.3838,86.9263,2.7962,0.0176
2175,hand_cream_020,hand_cream,78,13.0401,167.3910,3.6389,0.0463
2431,keyboard_002,keyboard,133,3.1473,3.1473,9.2999,0.0285
2503,laptop_004,laptop,107,172.3095,172.3095,7.0446,0.0456
3343,pillow_011,pillow,126,10.9301,175.6352,9.3952,0.0270
2852,microwaveoven_003,microwaveoven,81,127.3097,127.3097,3.3971,0.0394
345,book_025,book,95,66.7605,144.1299,57.0347,0.0287
1524,doll_057,doll,51,6.6701,6.6701,8.5306,0.0383
4449,table_tennis_bat_003,table_tennis_bat,78,56.3334,178.4253,1.7416,0.0260
4702,tooth_paste_016,tooth_paste,109,25.8177,179.8165,25.3361,0.0188
458,box_075,box,101,5.6387,5.6387,11.3459,0.0179
4449,table_tennis_bat_003,table_tennis_bat,78,107.5585,166.2805,12.0265,0.0654
1176,chocolates_012,chocolates,43,142.1548,142.1548,16.7899,0.1132
2109,hamburger_050,hamburger,96,174.7913,176.8779,11.1569,0.0347
3540,pomegranate_025,pomegranate,57,7.1671,137.8168,2.2892,0.0122
4161,soap_017,soap,51,34.6944,179.6226,7.8326,0.0206
4359,sushi_011,sushi,103,169.8006,169.8006,4.3762,0.0238
1204,clock_024,clock,73,14.1452,14.1451,15.0952,0.0225
2750,mango_056,mango,76,161.1222,161.1222,14.9289,0.0272
3650,potato_043,potato,75,114.7001,114.7001,3.2150,0.0245
350,bottle_032,bottle,73,4.4267,104.5605,21.9029,0.0276
182,bamboo_shoots_028,bamboo_shoots,93,7.8104,66.6560,11.9900,0.0860
3083,oyster_020,oyster,66,171.0015,171.0015,3.3472,0.0414
431,box_048,box,61,35.8928,35.8928,2.8234,0.0280
2750,mango_056,mango,76,42.0122,142.8692,1.7716,0.0135
5188,wallet_042,wallet,101,179.0711,179.0709,7.5842,0.0213
2309,helmet_007,helmet,68,64.7796,64.7796,10.1941,0.0087
3355,pillow_027,pillow,97,8.6563,174.3183,2.9348,0.0091
4345,suitcase_006,suitcase,104,19.3817,19.3817,16.4424,0.0567
656,broccoli_009,broccoli,85,5.8076,136.3342,5.3930,0.0259
3781,red_jujube_007,red_jujube,71,19.3960,174.3087,5.3697,0.0122
1427,dinosaur_010,dinosaur,107,24.2040,24.2040,9.7012,0.0216
2367,house_011,house,35,114.9372,114.9372,41.4922,0.0275
742,bucket_noodle_011,bucket_noodle,113,5.3096,117.7936,7.4260,0.0368
502,bread_039,bread,76,34.1445,146.6346,5.2700,0.0346
2525,lemon_013,lemon,49,176.4123,177.2082,1.5028,0.0199
4138,shrimp_041,shrimp,61,95.6563,95.6563,16.9252,0.0289
2682,lotus_root_026,lotus_root,84,172.6493,178.5446,7.1866,0.0421
1429,dinosaur_012,dinosaur,99,67.6871,67.6871,5.5041,0.0381
1446,dinosaur_031,dinosaur,59,177.3369,177.3369,8.1202,0.0320
196,banana_005,banana,83,170.3230,170.3230,1.2629,0.0334
3378,pineapple_008,pineapple,86,4.7917,154.3194,3.0813,0.0466
1615,drum_002,drum,66,2.4075,35.1572,10.6124,0.0503
465,boxed_beverage_002,boxed_beverage,86,176.7784,179.6310,4.0128,0.0079
1220,clock_040,clock,120,82.9955,82.9955,5.0041,0.0143
4550,thimble_009,thimble,49,5.0055,138.5555,15.3341,0.0835
4275,steamed_bun_022,steamed_bun,69,80.3671,109.0050,9.6577,0.0344
205,banana_014,banana,93,18.5021,18.5021,8.8344,0.0564
4721,toy_animals_005,toy_animals,95,48.7733,48.7733,17.6210,0.0580
1542,doll_075,doll,50,147.6385,147.6385,2.7116,0.0181
4241,squash_032,squash,87,163.9470,169.9167,0.7545,0.0181
1929,ginger_007,ginger,68,103.0255,103.0255,13.7466,0.0249
2455,kite_010,kite,13,4.6952,4.6952,7.7182,0.0806
466,boxed_beverage_003,boxed_beverage,74,16.9338,16.9338,3.8217,0.0358
1819,facial_cream_008,facial_cream,89,2.8034,2.8034,0.4874,0.0290
2175,hand_cream_020,hand_cream,78,7.9373,175.3809,16.8231,0.0623
4098,shrimp_001,shrimp,87,44.5345,44.5345,0.8768,0.0621
1367,cup_005,cup,54,155.6254,155.6254,33.1035,0.0382
4161,soap_017,soap,51,16.4095,179.5485,19.6003,0.1047
4096,shoe_037,shoe,91,10.9450,10.9450,7.8352,0.0099
913,candy_038,candy,66,57.9247,57.9247,18.9242,0.0959
4074,shoe_015,shoe,101,154.7388,154.7388,21.2319,0.0620
581,bread_145,bread,71,177.0441,179.5684,2.5073,0.0130
1552,doll_085,doll,133,34.5295,34.5295,21.1631,0.0086
4421,sword_bean_001,sword_bean,24,8.2529,105.8218,17.7970,0.3012
3902,rubik_cube_043,rubik_cube,94,68.9164,117.4816,16.0203,0.0490
4038,shampoo_034,shampoo,62,3.1167,3.1167,5.3597,0.0187
5260,watermelon_028,watermelon,81,58.3945,58.3945,13.2941,0.0652
1896,frisbee_003,frisbee,108,3.6697,86.9492,11.5240,0.0262
4240,squash_031,squash,83,4.4261,96.6412,2.3136,0.0149
1753,egg_tart_001,egg_tart,58,8.5090,175.7666,5.8247,0.0253
3286,pen_004,pen,55,21.6951,126.5962,12.9733,0.0430
343,book_022,book,71,27.0055,27.0055,12.2544,0.1057
405,box_020,box,111,27.1322,174.4787,8.2368,0.0419
3355,pillow_027,pillow,97,24.4289,24.4289,16.5034,0.0347
5260,watermelon_028,watermelon,81,17.7718,17.7718,7.2605,0.0405
3644,potato_036,potato,63,107.6762,107.6762,15.8619,0.0491
4904,toy_car_012,toy_car,69,29.6147,29.6147,4.4087,0.0097
1483,doll_015,doll,55,16.2468,16.2468,2.3058,0.1299
3080,oyster_017,oyster,64,150.9018,150.9018,15.0365,0.0150
5191,wallet_045,wallet,109,171.5898,171.5898,11.0646,0.0198
1431,dinosaur_014,dinosaur,74,16.6438,16.6438,14.0244,0.0374
824,cabinet_001,cabinet,98,152.9166,152.9166,8.3867,0.0202
2175,hand_cream_020,hand_cream,78,95.2441,171.6219,33.9367,0.0742
1676,durian_021,durian,117,6.6609,6.6609,3.8999,0.0426
3059,ornaments_001,ornaments,101,9.4356,9.4356,1.6304,0.0345
650,broccoli_003,broccoli,63,9.4128,63.8531,5.9471,0.0301
3051,orange_036,orange,59,99.2452,167.5865,12.9678,0.0530
656,broccoli_009,broccoli,85,48.9918,120.2253,2.9911,0.0055
2152,hammer_019,hammer,89,19.2159,19.2159,2.8772,0.0040
1587,drawing_002,drawing,152,176.3859,178.7253,8.6226,0.0918
3262,pear_017,pear,93,5.2043,176.5763,0.9251,0.0400
1896,frisbee_003,frisbee,108,5.7272,141.2887,4.9547,0.0489
4420,sweet_potato_030,sweet_potato,82,165.8255,166.5494,1.8321,0.0367
3802,red_wine_glass_010,red_wine_glass,81,12.1020,12.1020,23.5991,0.0673
1676,durian_021,durian,117,52.5906,52.5906,6.0259,0.0193
4034,shampoo_030,shampoo,85,34.0100,34.0100,12.0942,0.0225
2525,lemon_013,lemon,49,9.1597,178.4242,1.6059,0.0211
2060,hairpin_023,hairpin,39,108.3457,108.3457,35.4738,0.2291
3254,pear_009,pear,57,150.1991,150.3752,34.3319,0.0361
3059,ornaments_001,ornaments,101,110.8751,110.8751,2.7640,0.0255
1427,dinosaur_010,dinosaur,107,42.8349,42.8349,4.4212,0.0975
1896,frisbee_003,frisbee,108,10.1573,35.6921,3.3988,0.0299
4359,sushi_011,sushi,103,40.3148,40.3148,9.0126,0.0424
2413,joystick_001,joystick,81,108.2351,108.2351,5.8371,0.0568
5332,yam_020,yam,96,9.9168,169.3842,1.1048,0.0122
5115,vase_015,vase,70,123.9295,133.3032,51.1938,0.0984
695,brush_009,brush,68,160.8834,160.8834,3.0754,0.0267
1098,chili_003,chili,67,3.2415,84.4181,1.2764,0.0329
812,burrito_006,burrito,88,15.1715,15.1715,9.7423,0.0332
1676,durian_021,durian,117,102.6212,102.6212,3.7337,0.0387
2640,loquat_002,loquat,36,65.5100,145.8783,4.6022,0.0592
4345,suitcase_006,suitcase,104,91.7123,174.1220,46.0659,0.0382
4773,toy_animals_057,toy_animals,52,41.3589,41.3589,1.9164,0.0184
2197,handbag_024,handbag,151,35.8044,178.8081,11.4195,0.0307
4263,starfish_018,starfish,81,27.7702,27.7702,10.6049,0.0345
3086,oyster_023,oyster,101,10.5166,10.5166,1.9586,0.0564
1462,dish_012,dish,54,27.6981,27.6981,7.8415,0.0293
4379,sushi_031,sushi,52,133.9296,133.9296,19.4616,0.0474
4352,sushi_004,sushi,90,30.0606,30.0606,6.6493,0.0181
2073,hamburger_009,hamburger,88,11.0100,154.2814,5.3702,0.0245
4904,toy_car_012,toy_car,69,139.0039,139.0039,1.7836,0.0027
3843,remote_control_030,remote_control,69,176.8655,176.8655,18.6513,0.0403
133,backpack_032,backpack,73,15.3383,15.3383,11.9584,0.0255
595,bread_159,bread,71,109.3420,109.3420,1.8873,0.0316
1305,corn_006,corn,67,7.7796,59.1707,5.5432,0.0257
1676,durian_021,durian,117,10.8676,10.8676,6.6528,0.0123
2239,hat_013,hat,100,128.5917,128.5917,12.3492,0.0580
1219,clock_039,clock,91,141.4198,141.4198,9.3419,0.0213
5093,umbrella_013,umbrella,101,1.7811,63.6699,6.2870,0.0084
5352,zongzi_005,zongzi,53,175.1697,175.1697,9.0998,0.0737
3054,ornament_002,ornament,56,143.1402,143.1402,9.1773,0.0870
423,box_040,box,89,33.9177,149.0361,2.6351,0.0336
4263,starfish_018,starfish,81,175.9424,175.9424,45.7269,0.0571
4074,shoe_015,shoe,101,37.8540,37.8540,10.5232,0.0641
3051,orange_036,orange,59,37.0429,98.8614,5.1393,0.0401
838,cake_008,cake,58,177.3611,177.3611,10.4216,0.0492
3134,pan_003,pan,128,173.1074,173.1074,14.8302,0.0251
4303,stool_003,stool,110,173.6373,173.6373,20.2322,0.0343
343,book_022,book,71,3.2447,179.4895,2.0799,0.0212
3342,pillow_010,pillow,129,27.2249,176.5594,7.7050,0.0139
5093,umbrella_013,umbrella,101,7.0288,83.4942,5.3823,0.0158
1676,durian_021,durian,117,90.0543,90.0543,7.2869,0.0216
5316,yam_003,yam,91,3.8485,135.6648,6.9820,0.0287
4096,shoe_037,shoe,91,13.5274,13.5274,3.5097,0.0139
3778,red_jujube_002,red_jujube,28,56.1453,173.1935,4.3957,0.0525
1204,clock_024,clock,73,169.8863,169.8863,9.5243,0.0132
253,belt_019,belt,82,20.2642,177.4519,3.0406,0.0850
2503,laptop_004,laptop,107,168.1104,168.1104,53.6840,0.1335
4835,toy_bus_007,toy_bus,76,179.5643,179.5639,6.5727,0.0796
2863,monitor_004,monitor,86,10.0158,10.0158,6.6703,0.0271
1251,coconut_012,coconut,83,22.0944,168.8588,1.2492,0.0162
610,bread_174,bread,87,155.3670,174.2240,11.1703,0.0398
1305,corn_006,corn,67,4.8599,162.2160,1.2451,0.0233
610,bread_174,bread,87,72.0579,163.7485,2.9277,0.0241
3054,ornament_002,ornament,56,176.0270,176.0270,8.2881,0.0330
2350,hot_dog_083,hot_dog,100,7.9684,7.9684,7.5647,0.0265
205,banana_014,banana,93,176.1583,176.1582,3.6518,0.0151
5227,walnut_030,walnut,47,94.3539,173.4739,3.5000,0.2179
650,broccoli_003,broccoli,63,4.6898,123.2925,9.2673,0.0110
3984,sausage_075,sausage,76,7.7057,108.5220,14.0269,0.0209
3289,phone_shell_001,phone_shell,60,170.6510,170.6510,2.7315,0.0540
4506,teapot_016,teapot,108,13.1547,13.1547,2.1373,0.0505
1363,cup_001,cup,60,146.8734,146.8734,26.3076,0.0201
3305,pie_005,pie,77,163.0969,163.2458,19.2664,0.0152
2503,laptop_004,laptop,107,81.5189,81.5189,13.9183,0.0536
1753,egg_tart_001,egg_tart,58,12.4829,114.9768,0.8873,0.0789
458,box_075,box,101,4.6833,4.6833,5.0004,0.0149
2636,longan_018,longan,40,146.4452,146.5070,14.8949,0.0235
2216,handbag_044,handbag,109,66.4649,66.4649,6.3198,0.0430
808,burrito_002,burrito,102,28.8907,159.9975,16.7719,0.0167
79,apple_045,apple,54,41.1019,41.1019,6.0525,0.0209
469,boxed_beverage_006,boxed_beverage,91,6.9933,173.2153,6.3797,0.0323
2109,hamburger_050,hamburger,96,3.8231,122.7534,1.3732,0.0362
4345,suitcase_006,suitcase,104,8.3057,177.8317,6.7118,0.0531
2470,kiwifruit_002,kiwifruit,63,6.3514,43.8361,2.4072,0.0273
2211,handbag_039,handbag,85,20.5805,178.0289,4.8731,0.0333
1431,dinosaur_014,dinosaur,74,167.8790,167.8790,27.7464,0.0423
3291,picnic_basket_002,picnic_basket,106,15.4989,15.4989,5.3623,0.0215
4359,sushi_011,sushi,103,49.8887,49.8887,15.9680,0.0360
812,burrito_006,burrito,88,178.2895,178.2895,6.9486,0.0373
5082,umbrella_002,umbrella,116,3.4896,80.7306,2.0450,0.0150
2109,hamburger_050,hamburger,96,2.2438,162.0063,2.9975,0.0167
1889,flute_001,flute,91,61.2423,61.2423,4.8180,0.0206
4740,toy_animals_024,toy_animals,68,15.5574,15.5574,2.4768,0.0456
3080,oyster_017,oyster,64,150.0613,150.0613,4.3794,0.0035
2776,mangosteen_018,mangosteen,62,39.5210,95.4344,8.1334,0.0498
44,apple_007,apple,95,6.9863,107.5303,5.9441,0.0340
3080,oyster_017,oyster,64,27.4171,27.4171,7.6093,0.0138
1084,chicken_leg_008,chicken_leg,87,179.8813,179.8813,30.5898,0.0823
852,cake_022,cake,91,45.1500,45.1500,19.9075,0.1171
4298,steamed_bun_053,steamed_bun,78,102.5786,130.6496,6.8683,0.0316
4362,sushi_014,sushi,61,149.7393,149.7393,2.8214,0.0304
4420,sweet_potato_030,sweet_potato,82,31.2739,110.0220,7.7946,0.0162
2503,laptop_004,laptop,107,107.9878,107.9878,10.7177,0.0453
469,boxed_beverage_006,boxed_beverage,91,167.5262,179.4297,1.1532,0.0288
4286,steamed_bun_041,steamed_bun,78,115.9571,120.2578,3.3273,0.0566
3134,pan_003,pan,128,20.7679,20.7679,3.1346,0.0450
1831,fan_005,fan,64,85.5085,85.5085,2.6784,0.0219
1220,clock_040,clock,120,169.1667,169.1667,4.0654,0.0298
196,banana_005,banana,83,45.0773,45.0773,3.9107,0.0425
334,book_011,book,107,15.9931,178.2697,5.6323,0.0340
1261,coconut_022,coconut,104,1.8537,125.1544,2.6646,0.0152
423,box_040,box,89,85.7591,85.7591,13.4084,0.0316
3802,red_wine_glass_010,red_wine_glass,81,4.0261,79.8602,1.1386,0.0173
5191,wallet_045,wallet,109,1.8642,1.8642,4.5398,0.0328
3080,oyster_017,oyster,64,15.9279,15.9279,1.7020,0.0278
453,box_070,box,73,5.9802,175.4546,0.6002,0.0372
626,bread_190,bread,102,13.3993,13.3993,1.4880,0.0222
616,bread_180,bread,85,15.7190,179.6034,5.6040,0.0239
2351,hot_dog_084,hot_dog,59,52.9227,170.8017,6.2106,0.0476
2667,lotus_root_011,lotus_root,80,3.4723,18.9214,4.6182,0.0186
4036,shampoo_032,shampoo,95,20.6295,20.6295,5.6287,0.0604
2168,hand_cream_012,hand_cream,39,27.3662,27.3662,14.4061,0.0184
685,broccolini_009,broccolini,88,18.8783,161.2379,2.9373,0.0148
4729,toy_animals_013,toy_animals,137,38.7938,38.7938,2.8785,0.0035
3866,ricecooker_003,ricecooker,97,10.7527,10.7527,2.5381,0.0141
5260,watermelon_028,watermelon,81,52.2032,52.2032,12.1813,0.0511
1098,chili_003,chili,67,132.3711,150.2142,19.3356,0.0157
4539,thermos_004,thermos,82,40.3062,40.3062,5.0080,0.0317
3540,pomegranate_025,pomegranate,57,17.0084,46.6701,5.5364,0.0083
4509,teapot_019,teapot,64,31.8693,31.8693,2.5981,0.0529
1310,corn_011,corn,46,4.1083,145.2398,0.6442,0.0118
362,bottle_050,bottle,70,5.9585,54.9746,5.8385,0.0192
4263,starfish_018,starfish,81,153.8104,153.8104,9.6968,0.0389
946,carrot_012,carrot,110,3.5414,22.4352,7.1241,0.0293
1495,doll_028,doll,80,51.1514,51.1514,5.5271,0.0365
1245,coconut_005,coconut,95,39.2846,40.5415,1.1819,0.0095
2298,haw_thorn_046,haw_thorn,37,162.3933,165.6464,32.3939,0.0835
2197,handbag_024,handbag,151,1.5105,178.7262,2.0443,0.0136
2682,lotus_root_026,lotus_root,84,8.6784,8.6784,2.8749,0.0229
1552,doll_085,doll,133,11.4157,11.4157,5.9695,0.0406
4100,shrimp_003,shrimp,64,48.5694,48.5694,5.9070,0.0242
2752,mango_058,mango,37,52.4087,52.4087,4.2654,0.0450
2113,hamburger_054,hamburger,49,24.0169,134.3230,2.8086,0.0467
4275,steamed_bun_022,steamed_bun,69,4.2545,136.1818,2.3233,0.0069
3286,pen_004,pen,55,163.1424,165.2849,3.9494,0.0832
838,cake_008,cake,58,157.8197,157.8197,3.5812,0.0644
458,box_075,box,101,80.5979,80.5979,47.7290,0.0184
808,burrito_002,burrito,102,20.3373,177.8506,3.8717,0.0250
2168,hand_cream_012,hand_cream,39,126.6719,126.6719,10.7676,0.0656
1542,doll_075,doll,50,165.1211,165.1211,2.9756,0.0293
852,cake_022,cake,91,144.5116,144.5116,18.8614,0.0143
1003,cheese_003,cheese,66,15.6384,179.7744,19.5530,0.0418
5146,waffle_031,waffle,69,168.3798,169.4573,2.6942,0.0305
933,canned_beverage_001,canned_beverage,98,6.3775,119.0833,3.5900,0.0080
51,apple_014,apple,69,166.6437,174.0119,52.4408,0.1102
1219,clock_039,clock,91,26.7783,26.7783,5.7223,0.0454
2507,laundry_detergent_004,laundry_detergent,91,3.5798,3.5797,12.7625,0.0296
1889,flute_001,flute,91,60.9229,60.9229,6.4437,0.0489
808,burrito_002,burrito,102,34.3150,177.9215,0.5752,0.0211
3257,pear_012,pear,53,2.4332,18.9318,1.3483,0.0222
824,cabinet_001,cabinet,98,166.5096,166.5096,15.4772,0.0334
133,backpack_032,backpack,73,105.3348,105.3348,7.2220,0.0951
3465,pitaya_045,pitaya,86,15.7904,111.1141,2.9948,0.0325
1968,gloves_002,gloves,78,52.3497,52.3497,3.3728,0.0738
1294,conch_025,conch,46,163.2711,163.2711,14.0715,0.0458
1220,clock_040,clock,120,19.4625,19.4625,2.5307,0.0475
2333,hot_dog_066,hot_dog,55,12.7464,12.7464,0.1908,0.0147
946,carrot_012,carrot,110,4.9695,71.7632,4.2091,0.0248
5332,yam_020,yam,96,170.0795,170.3462,10.1480,0.0424
3262,pear_017,pear,93,112.0367,148.2093,8.0312,0.0276
1307,corn_008,corn,70,1.8682,3.7299,1.6340,0.0412
2000,guitar_001,guitar,106,10.6920,10.6920,14.1366,0.0446
4313,strawberry_002,strawberry,53,95.0264,100.1299,5.7184,0.0166
838,cake_008,cake,58,176.8930,176.8930,2.8166,0.0179
4161,soap_017,soap,51,52.6310,133.0059,18.0734,0.0392
1346,cucumber_017,cucumber,65,2.7217,49.2492,4.1504,0.0492
4409,sweet_potato_019,sweet_potato,79,164.1029,179.8231,8.6449,0.0204
2507,laundry_detergent_004,laundry_detergent,91,33.9525,33.9525,9.5950,0.0294
1873,flower_pot_007,flower_pot,91,9.1209,9.1209,5.0167,0.0291
1676,durian_021,durian,117,70.5317,70.5317,3.1053,0.0233
3622,potato_014,potato,46,134.9400,134.9400,3.0748,0.0492
2298,haw_thorn_046,haw_thorn,37,51.8160,71.1456,11.0841,0.0403
4034,shampoo_030,shampoo,85,105.9241,105.9241,24.2431,0.0532
1221,clock_041,clock,88,110.5823,110.5823,32.4898,0.0429
1965,glasses_case_019,glasses_case,90,42.8630,42.8630,2.1537,0.0193
4799,toy_boat_025,toy_boat,57,165.5607,165.5607,1.9872,0.1098
1469,doll_001,doll,94,179.2627,179.2630,6.0856,0.0218
3622,potato_014,potato,46,48.9953,48.9953,1.3505,0.0390
767,bumbag_007,bumbag,104,18.8410,175.3783,2.9905,0.0241
3086,oyster_023,oyster,101,175.9591,175.9591,13.0872,0.0587
913,candy_038,candy,66,29.9927,158.7434,20.9560,0.0294
2113,hamburger_054,hamburger,49,31.8511,35.3819,10.6694,0.0226
4611,tissue_030,tissue,74,169.1041,169.1041,1.9624,0.0311
4263,starfish_018,starfish,81,91.8141,91.8141,6.8605,0.0337
1003,cheese_003,cheese,66,3.7756,177.8290,9.8223,0.0265
2216,handbag_044,handbag,109,92.0306,92.0306,31.0100,0.0433
833,cake_003,cake,88,24.6812,24.6812,2.9561,0.0357
1217,clock_037,clock,72,169.3179,169.3179,7.1385,0.0373
2507,laundry_detergent_004,laundry_detergent,91,6.6212,6.6212,1.9237,0.0270
610,bread_174,bread,87,13.7076,13.7076,2.4099,0.0237
1896,frisbee_003,frisbee,108,3.4909,78.7623,4.3867,0.0184
5058,toy_truck_035,toy_truck,100,5.9044,5.9044,4.4159,0.0228
4303,stool_003,stool,110,29.2706,29.2706,5.6814,0.0167
3378,pineapple_008,pineapple,86,1.5722,68.8858,10.8386,0.0079
4478,tape_measure_012,tape_measure,71,171.3007,171.3007,0.4782,0.0543
1192,clock_011,clock,90,14.8442,14.8442,6.4225,0.0712
5254,watermelon_012,watermelon,91,36.5261,36.5261,3.5027,0.0184
1307,corn_008,corn,70,6.0920,176.6840,14.5733,0.0778
2401,insole_002,insole,66,11.3696,11.3696,11.7483,0.0366
1475,doll_007,doll,76,32.0185,32.0185,5.2394,0.0194
3495,pizza_027,pizza,71,1.3771,8.9741,1.7667,0.0428
1294,conch_025,conch,46,173.5148,173.5148,2.4552,0.0092
4298,steamed_bun_053,steamed_bun,78,31.7298,123.6658,24.3836,0.0257
203,banana_012,banana,73,16.1540,16.1540,6.5110,0.0205
4835,toy_bus_007,toy_bus,76,37.9947,37.9947,1.2088,0.0615
4313,strawberry_002,strawberry,53,14.4793,171.5763,2.2815,0.0189
2164,hand_cream_008,hand_cream,64,38.3073,153.8702,2.8109,0.0588
4990,toy_train_005,toy_train,63,8.6761,8.6761,13.4154,0.0365
2037,hair_dryer_037,hair_dryer,73,179.1461,179.1464,2.3684,0.0119
1192,clock_011,clock,90,27.8277,27.8277,3.1369,0.0125
610,bread_174,bread,87,86.2677,86.2677,6.0251,0.0207
742,bucket_noodle_011,bucket_noodle,113,2.2652,68.5858,13.0659,0.0175
2566,light_024,light,97,12.6829,12.6829,8.3548,0.0300
1992,green_bean_cake_013,green_bean_cake,56,35.5963,168.4998,39.9422,0.0761
1049,cherry_007,cherry,49,102.0450,142.1405,16.6015,0.0395
453,box_070,box,73,11.1151,172.9152,7.0450,0.0276
3378,pineapple_008,pineapple,86,3.3802,114.3388,1.9423,0.0239
1363,cup_001,cup,60,104.2353,104.2353,0.8454,0.0251
2614,litchi_025,litchi,25,14.8126,53.1334,1.4482,0.0524
3342,pillow_010,pillow,129,22.2814,175.5896,13.4363,0.0177
2503,laptop_004,laptop,107,3.7286,3.7286,2.7761,0.0469
4036,shampoo_032,shampoo,95,18.3831,18.3831,10.4431,0.0106
2351,hot_dog_084,hot_dog,59,15.4824,179.6247,0.3122,0.0172
405,box_020,box,111,10.5882,179.7154,1.5864,0.0927
2636,longan_018,longan,40,25.7847,41.1311,12.0604,0.0391
466,boxed_beverage_003,boxed_beverage,74,29.7417,155.8320,3.6157,0.0565
3109,package_013,package,76,23.3269,23.3269,12.1810,0.0691
2776,mangosteen_018,mangosteen,62,23.2084,169.2352,2.2138,0.0420
3134,pan_003,pan,128,23.7392,23.7392,2.0269,0.0395
3378,pineapple_008,pineapple,86,19.5592,84.2576,5.1365,0.0120
4570,timer_007,timer,76,19.3628,19.3628,2.9584,0.0322
4048,shaomai_007,shaomai,50,25.3748,25.4988,28.0557,0.0692
4034,shampoo_030,shampoo,85,116.1099,116.1099,17.3619,0.0417
1504,doll_037,doll,72,143.7760,143.7760,8.5523,0.0228
3570,popcorn_003,popcorn,44,114.0233,114.0233,10.4663,0.0882
1527,doll_060,doll,75,169.1904,169.1904,27.7618,0.0368
2614,litchi_025,litchi,25,17.1005,163.3612,16.2867,0.0976
4528,teddy_bear_004,teddy_bear,94,82.5186,82.5186,4.4878,0.0038
3051,orange_036,orange,59,37.8912,39.0968,7.9587,0.0278
3412,pinecone_013,pinecone,64,13.5297,38.2316,1.8981,0.0408
933,canned_beverage_001,canned_beverage,98,18.2008,29.0878,1.2467,0.0122
4409,sweet_potato_019,sweet_potato,79,160.5522,173.3766,10.1227,0.0223
752,bucket_noodle_022,bucket_noodle,76,96.1280,105.1124,9.6463,0.0040
4359,sushi_011,sushi,103,119.0193,119.0193,45.2073,0.0782
2309,helmet_007,helmet,68,174.2356,174.2356,64.6460,0.1149
44,apple_007,apple,95,15.3749,177.8851,2.3612,0.0465
2566,light_024,light,97,17.9292,17.9292,2.3811,0.0424
4074,shoe_015,shoe,101,154.7945,154.7945,3.6601,0.0127
1896,frisbee_003,frisbee,108,6.8109,25.1823,4.3492,0.0298
1164,chocolate_013,chocolate,45,3.1713,3.1713,9.5100,0.1885
51,apple_014,apple,69,11.6565,107.9115,6.8071,0.0099
229,battery_002,battery,63,14.2326,30.1860,70.6718,0.2132
4490,tape_measure_025,tape_measure,68,43.0260,43.0260,61.6356,0.0580
1192,clock_011,clock,90,166.2986,166.2986,8.5302,0.0299
1992,green_bean_cake_013,green_bean_cake,56,105.1664,105.1664,12.7354,0.0439
1049,cherry_007,cherry,49,41.0248,41.0248,7.6383,0.0530
362,bottle_050,bottle,70,2.9710,7.4799,1.7732,0.0109
650,broccoli_003,broccoli,63,17.1091,150.4602,7.2946,0.0452
3570,popcorn_003,popcorn,44,131.4333,131.4333,24.7953,0.0980
3768,razor_004,razor,67,139.7136,139.7136,5.6583,0.0561
3378,pineapple_008,pineapple,86,86.9511,157.9716,5.3614,0.0072
2298,haw_thorn_046,haw_thorn,37,21.7017,71.1698,3.9726,0.0174
2668,lotus_root_012,lotus_root,66,14.4880,152.8333,4.9288,0.0173
2060,hairpin_023,hairpin,39,122.4717,122.4717,4.2365,0.0910
2677,lotus_root_021,lotus_root,84,75.7921,75.7921,24.4816,0.0392
1485,doll_017,doll,45,31.1317,31.1318,3.5664,0.1417
2470,kiwifruit_002,kiwifruit,63,163.7432,164.4844,4.1631,0.0217
3011,onion_030,onion,65,95.8537,95.9212,1.4325,0.0161
405,box_020,box,111,32.4382,32.4382,7.8851,0.0329
4431,table_013,table,93,12.1254,12.1254,32.3673,0.0587
1098,chili_003,chili,67,11.0072,131.8914,14.8875,0.0386
3540,pomegranate_025,pomegranate,57,2.9022,136.2390,8.4271,0.0318
4490,tape_measure_025,tape_measure,68,11.9860,11.9860,8.3878,0.0062
5352,zongzi_005,zongzi,53,171.1210,171.1210,6.0724,0.0264
1841,fire_extinguisher_001,fire_extinguisher,103,35.5182,35.5182,23.1751,0.0811
4271,steamed_bun_017,steamed_bun,77,23.2059,25.5285,8.3465,0.0519
4161,soap_017,soap,51,4.4876,4.4876,6.3318,0.0339
3622,potato_014,potato,46,173.0184,173.0184,1.1088,0.0121
1431,dinosaur_014,dinosaur,74,177.7647,177.7647,38.2419,0.0774
1527,doll_060,doll,75,68.2182,68.2182,0.5968,0.0507
581,bread_145,bread,71,119.1478,126.7932,5.7732,0.0121
1690,dustbin_005,dustbin,111,170.2521,170.2521,13.7864,0.1205
3245,peanut_031,peanut,67,139.2055,139.2055,1.5591,0.0294
2507,laundry_detergent_004,laundry_detergent,91,17.1242,17.1242,6.2566,0.0194
3291,picnic_basket_002,picnic_basket,106,12.8571,168.6309,5.8328,0.0553
5138,waffle_023,waffle,37,9.3187,179.3291,7.5910,0.0347
2067,hamburger_002,hamburger,67,23.6518,46.2804,11.6814,0.0377
1896,frisbee_003,frisbee,108,2.3380,168.6885,5.4745,0.0377
1587,drawing_002,drawing,152,9.6577,171.7305,9.3013,0.0377
500,bread_037,bread,71,57.4288,57.4288,47.5325,0.0669
4539,thermos_004,thermos,82,63.7182,63.7182,23.4950,0.0270
2401,insole_002,insole,66,6.0886,6.0886,13.4768,0.0312
4587,tissue_002,tissue,65,30.8748,149.4797,7.9820,0.0196
1542,doll_075,doll,50,24.3915,24.3915,3.6242,0.0278
4421,sword_bean_001,sword_bean,24,53.0898,136.3167,4.9109,0.1894
1540,doll_073,doll,23,141.4993,141.4993,14.7291,0.1758
1217,clock_037,clock,72,171.6374,171.6374,5.6296,0.0288
3802,red_wine_glass_010,red_wine_glass,81,5.3365,19.2661,4.3138,0.0174
1462,dish_012,dish,54,156.5910,178.8012,3.3135,0.0678
269,biscuit_010,biscuit,56,171.0648,171.0648,5.3491,0.0333
1219,clock_039,clock,91,26.7874,26.7874,6.9163,0.0317
4034,shampoo_030,shampoo,85,13.0198,13.0198,4.2955,0.0277
4420,sweet_potato_030,sweet_potato,82,8.3204,134.0930,17.8495,0.0431
1524,doll_057,doll,51,83.6593,83.6593,1.4155,0.0244
1204,clock_024,clock,73,165.9201,165.9201,41.5017,0.0921
3488,pizza_020,pizza,56,123.1031,153.5341,1.9238,0.0137
2239,hat_013,hat,100,78.2102,78.2102,29.1831,0.0484
1734,egg_031,egg,58,168.2982,177.4810,35.5364,0.0682
2247,hat_022,hat,57,53.4246,53.4246,11.8359,0.0414
1690,dustbin_005,dustbin,111,36.4015,36.4015,25.8495,0.0511
458,box_075,box,101,4.7094,175.6229,9.6076,0.0111
5146,waffle_031,waffle,69,2.0956,115.2120,4.5134,0.0233
4489,tape_measure_024,tape_measure,79,15.9260,15.9260,3.4156,0.0113
2211,handbag_039,handbag,85,5.2092,176.7233,9.0514,0.0280
2239,hat_013,hat,100,156.2891,156.2891,15.9693,0.0422
3254,pear_009,pear,57,155.1357,163.4659,4.9839,0.0292
3984,sausage_075,sausage,76,78.7890,171.1862,28.3458,0.0441
1615,drum_002,drum,66,44.6255,144.3988,2.5618,0.0301
2073,hamburger_009,hamburger,88,4.7607,122.5506,6.3952,0.0299
2216,handbag_044,handbag,109,86.8017,86.8017,6.4350,0.0256
2071,hamburger_007,hamburger,66,7.5482,22.4666,3.9982,0.0925
1662,durian_007,durian,69,52.8007,52.8007,4.7997,0.0124
4394,sweet_potato_004,sweet_potato,39,3.2415,3.7120,10.7884,0.0250
2216,handbag_044,handbag,109,6.8676,6.8676,8.9874,0.0397
221,banana_039,banana,35,108.5246,108.5246,6.7275,0.0279
5260,watermelon_028,watermelon,81,99.3636,99.3636,2.7059,0.0352
4100,shrimp_003,shrimp,64,177.2855,177.2855,4.4898,0.0190
1219,clock_039,clock,91,24.4700,24.4700,3.2910,0.0284
4449,table_tennis_bat_003,table_tennis_bat,78,7.7999,172.9520,5.4414,0.0591
3447,pitaya_027,pitaya,88,149.3860,158.7940,1.6195,0.0115
616,bread_180,bread,85,14.0988,171.2892,9.7772,0.0379
1896,frisbee_003,frisbee,108,7.3790,25.4786,8.8077,0.0116
1485,doll_017,doll,45,11.1662,11.1662,6.2172,0.0635
3622,potato_014,potato,46,175.8002,175.8002,2.7816,0.0415
469,boxed_beverage_006,boxed_beverage,91,8.4036,171.9084,3.3482,0.0073
756,bucket_noodle_026,bucket_noodle,63,6.5664,17.0218,3.2068,0.0845
4649,tomato_020,tomato,49,36.6520,170.8231,15.9485,0.0805
4499,teapot_009,teapot,119,29.1041,29.1041,7.0257,0.0342
1129,china_001,china,90,177.8557,177.8557,3.7175,0.0200
362,bottle_050,bottle,70,2.1328,91.4440,3.9034,0.0119
1892,fork_002,fork,66,131.8546,131.8546,5.3162,0.0923
3080,oyster_017,oyster,64,93.6030,93.6030,2.3419,0.0271
4944,toy_motorcycle_039,toy_motorcycle,85,50.4234,50.4234,1.5995,0.0413
2309,helmet_007,helmet,68,13.5197,13.5197,9.2814,0.0592
2037,hair_dryer_037,hair_dryer,73,42.0848,42.0848,3.2860,0.0344
1310,corn_011,corn,46,8.4074,110.9863,5.4029,0.0220
4611,tissue_030,tissue,74,93.7748,93.7748,47.4823,0.1031
1310,corn_011,corn,46,1.2972,35.8288,5.6312,0.0195
1363,cup_001,cup,60,105.5975,105.5975,2.8990,0.0016
4202,speaker_001,speaker,100,86.0926,86.0926,2.6499,0.0238
1176,chocolates_012,chocolates,43,164.9028,164.9028,15.4505,0.0997
2177,hand_cream_022,hand_cream,88,18.4004,164.1654,5.8752,0.0429
1593,drawing_008,drawing,115,22.9474,158.8799,2.4147,0.0301
3342,pillow_010,pillow,129,27.4775,154.0148,20.1758,0.0535
221,banana_039,banana,35,114.3891,114.3891,9.6942,0.0399
458,box_075,box,101,4.5619,4.5619,1.1128,0.0018
1367,cup_005,cup,54,69.3557,69.3557,4.8274,0.0291
1176,chocolates_012,chocolates,43,164.6914,164.6914,18.6581,0.1051
4570,timer_007,timer,76,4.5509,4.5508,3.9084,0.0593
1221,clock_041,clock,88,5.2617,5.2617,7.4738,0.0147
1904,garage_kit_004,garage_kit,69,178.7068,178.7068,19.2068,0.1003
1947,glasses_case_001,glasses_case,105,16.5455,16.5455,4.6776,0.0351
767,bumbag_007,bumbag,104,8.7251,178.9244,8.6058,0.0628
2852,microwaveoven_003,microwaveoven,81,137.8382,137.8382,12.0389,0.0612
4074,shoe_015,shoe,101,8.6237,8.6237,5.0129,0.0393
4298,steamed_bun_053,steamed_bun,78,5.7190,11.8642,5.7307,0.0234
1310,corn_011,corn,46,4.8014,152.9552,11.6177,0.0197
1504,doll_037,doll,72,172.8886,172.8886,6.5226,0.0639
465,boxed_beverage_002,boxed_beverage,86,1.6800,179.1791,13.0495,0.0321
2067,hamburger_002,hamburger,67,171.4985,171.5150,2.2125,0.0067
2152,hammer_019,hammer,89,5.3367,5.3367,4.1875,0.0078
1739,egg_036,egg,49,39.1836,106.5511,7.9525,0.0186
3622,potato_014,potato,46,12.5861,12.5861,5.1889,0.0161
1661,durian_006,durian,78,41.5217,41.5217,27.0502,0.0315
5352,zongzi_005,zongzi,53,179.2421,179.2421,1.1549,0.0396
1485,doll_017,doll,45,148.9686,148.9686,2.1236,0.0810
3913,sandwich_013,sandwich,70,160.2002,166.6749,11.7792,0.0221
502,bread_039,bread,76,167.1684,174.0070,5.0528,0.0629
4391,sweet_potato_001,sweet_potato,57,9.3496,43.6004,1.9856,0.0227
3371,pineapple_001,pineapple,103,14.7086,116.0740,3.8219,0.0603
1470,doll_002,doll,133,23.6738,23.6738,7.7991,0.0082
4048,shaomai_007,shaomai,50,19.0939,37.1928,5.6834,0.0338
3342,pillow_010,pillow,129,5.1291,5.1291,11.2444,0.0156
1049,cherry_007,cherry,49,5.2662,5.2662,7.4608,0.0620
1261,coconut_022,coconut,104,13.7234,64.5214,4.5019,0.0278
4298,steamed_bun_053,steamed_bun,78,4.9259,148.9488,3.0177,0.0222
4359,sushi_011,sushi,103,133.7567,133.7567,9.6443,0.0286
3257,pear_012,pear,53,169.8090,172.9368,5.6588,0.0252
1587,drawing_002,drawing,152,172.2407,172.2407,28.5504,0.0582
4701,tooth_paste_015,tooth_paste,84,2.9983,2.9983,5.1802,0.0133
1469,doll_001,doll,94,23.1086,23.1086,3.7228,0.0234
3144,pancake_009,pancake,70,4.5463,59.9689,12.7025,0.0285
626,bread_190,bread,102,4.4255,4.4255,1.0900,0.0217
5146,waffle_031,waffle,69,9.3143,145.6665,11.2790,0.0285
5344,yam_032,yam,86,6.8259,78.8527,2.0025,0.0302
3564,pomegranate_049,pomegranate,96,7.0704,177.3469,5.3685,0.0282
3245,peanut_031,peanut,67,49.1384,156.8926,4.1982,0.0180
871,calculator_018,calculator,97,178.4071,178.4071,15.6664,0.0285
3257,pear_012,pear,53,3.0435,20.8822,7.1273,0.0140
5260,watermelon_028,watermelon,81,159.4476,159.4476,117.1604,0.0467
933,canned_beverage_001,canned_beverage,98,92.1041,99.4302,7.8248,0.0484
559,bread_115,bread,61,81.2093,109.9762,5.7514,0.0356
205,banana_014,banana,93,179.9184,179.9184,7.6145,0.0325
1062,chess_022,chess,50,3.5428,92.6284,15.3956,0.0918
465,boxed_beverage_002,boxed_beverage,86,5.7113,5.7113,1.8715,0.0348
812,burrito_006,burrito,88,78.7094,78.7094,35.5199,0.0252
1676,durian_021,durian,117,33.9142,33.9142,3.8343,0.0279
1346,cucumber_017,cucumber,65,7.0961,79.7376,0.4923,0.0311
946,carrot_012,carrot,110,5.3213,115.8323,10.9108,0.0228
3289,phone_shell_001,phone_shell,60,80.7671,80.7671,5.2876,0.0538
1495,doll_028,doll,80,9.8552,9.8552,4.6129,0.0764
3054,ornament_002,ornament,56,165.5383,165.5383,48.1481,0.0804
4944,toy_motorcycle_039,toy_motorcycle,85,13.4139,13.4139,2.0322,0.0175
4799,toy_boat_025,toy_boat,57,11.5104,11.5104,5.3473,0.0448
418,box_035,box,93,11.5272,170.2101,4.4723,0.0342
5352,zongzi_005,zongzi,53,134.8076,134.8076,2.6456,0.0237
2037,hair_dryer_037,hair_dryer,73,172.6347,172.6347,33.1993,0.0533
2168,hand_cream_012,hand_cream,39,86.0201,94.6224,4.2044,0.0088
616,bread_180,bread,85,15.5246,173.0763,3.3720,0.0469
2168,hand_cream_012,hand_cream,39,84.9688,84.9688,10.3510,0.0669
745,bucket_noodle_014,bucket_noodle,71,111.0589,117.9021,26.4398,0.0634
1540,doll_073,doll,23,173.5446,173.5446,9.9260,0.1110
3378,pineapple_008,pineapple,86,15.1299,70.9316,4.0663,0.0375
1945,glasses_004,glasses,113,31.1419,31.1419,3.9743,0.0301
852,cake_022,cake,91,33.4950,33.4950,5.6741,0.0273
3778,red_jujube_002,red_jujube,28,151.4351,155.6593,7.3556,0.1607
3913,sandwich_013,sandwich,70,3.6697,4.3467,16.3857,0.0482
3768,razor_004,razor,67,24.6265,24.6265,14.4269,0.0801
4074,shoe_015,shoe,101,127.8945,127.8945,44.7837,0.0099
1084,chicken_leg_008,chicken_leg,87,169.4294,169.4294,17.1710,0.0296
3051,orange_036,orange,59,5.3093,88.9426,2.0409,0.0165
4409,sweet_potato_019,sweet_potato,79,3.4659,148.2947,3.7668,0.0059
4359,sushi_011,sushi,103,103.8055,103.8055,15.8970,0.0507
2029,hair_dryer_029,hair_dryer,114,14.9133,14.9133,12.1992,0.0198
1739,egg_036,egg,49,6.0940,119.0731,8.1232,0.0190
221,banana_039,banana,35,94.2529,94.2529,6.9725,0.0506
4967,toy_plane_022,toy_plane,50,36.1599,36.1599,3.0733,0.0308
2106,hamburger_047,hamburger,82,6.7649,100.3112,9.9448,0.0340
1495,doll_028,doll,80,24.4690,24.4690,6.7294,0.0827
2071,hamburger_007,hamburger,66,21.8192,167.2503,6.1163,0.0272
4359,sushi_011,sushi,103,153.6153,153.6153,8.8985,0.0295
2333,hot_dog_066,hot_dog,55,70.5386,127.0096,5.3080,0.0162
3768,razor_004,razor,67,5.0604,5.0604,6.7826,0.0317
4857,toy_bus_029,toy_bus,79,7.6641,7.6641,11.0276,0.0269
4670,tooth_brush_011,tooth_brush,85,178.2839,178.2838,9.8691,0.0304
5130,waffle_015,waffle,70,154.7119,172.1127,12.2145,0.0278
3080,oyster_017,oyster,64,27.1848,27.1848,2.1330,0.0087
4038,shampoo_034,shampoo,62,3.0539,178.0013,1.9767,0.0281
1427,dinosaur_010,dinosaur,107,116.8531,116.8531,20.8764,0.0321
1929,ginger_007,ginger,68,175.9052,175.9052,8.7891,0.0301
1504,doll_037,doll,72,95.2536,95.2536,11.6431,0.0488
4359,sushi_011,sushi,103,21.1300,21.1300,7.9662,0.0210
2682,lotus_root_026,lotus_root,84,6.2590,6.2590,2.2796,0.0395
1896,frisbee_003,frisbee,108,6.3196,16.7760,19.1446,0.0296
4534,teddy_bear_010,teddy_bear,96,30.1555,30.1555,3.9036,0.0210
3622,potato_014,potato,46,124.9954,124.9954,1.0374,0.0304
973,cauliflower_002,cauliflower,91,42.7282,60.5122,3.8784,0.1108
203,banana_012,banana,73,14.2797,14.2797,2.0016,0.0219
3802,red_wine_glass_010,red_wine_glass,81,3.4751,120.3943,3.2959,0.0352
345,book_025,book,95,21.0270,175.1909,15.2598,0.0707
3291,picnic_basket_002,picnic_basket,106,12.1976,12.1976,3.7613,0.0502
2420,kettle_003,kettle,77,175.7231,175.7231,19.4272,0.0424
1204,clock_024,clock,73,175.5533,175.5533,4.2670,0.0282
451,box_068,box,110,85.3656,85.3656,2.3614,0.0053
1992,green_bean_cake_013,green_bean_cake,56,23.1499,174.9443,12.2930,0.0248
2060,hairpin_023,hairpin,39,138.3447,138.3447,10.0701,0.0947
4414,sweet_potato_024,sweet_potato,68,107.6872,159.0403,14.3806,0.0455
1367,cup_005,cup,54,121.6361,121.6361,3.3010,0.0249
1831,fan_005,fan,64,34.6293,34.6293,5.4425,0.0514
5130,waffle_015,waffle,70,5.8378,41.1345,5.6610,0.0266
4534,teddy_bear_010,teddy_bear,96,18.1559,18.1559,4.5956,0.0479
2060,hairpin_023,hairpin,39,64.3041,64.3041,17.8866,0.3473
205,banana_014,banana,93,177.3389,177.3389,5.0292,0.0257
5316,yam_003,yam,91,4.6526,170.4328,26.4875,0.0066
1945,glasses_004,glasses,113,109.1735,109.1735,18.7936,0.0564
4729,toy_animals_013,toy_animals,137,93.9768,93.9768,6.6602,0.0389
4202,speaker_001,speaker,100,3.9364,3.9364,4.6750,0.0424
4362,sushi_014,sushi,61,25.4456,25.4456,2.4900,0.0113
745,bucket_noodle_014,bucket_noodle,71,2.2545,108.6536,1.8233,0.0295
4100,shrimp_003,shrimp,64,178.7946,178.7944,8.4046,0.0802
3036,orange_021,orange,121,3.9696,32.7635,0.7295,0.0342
3564,pomegranate_049,pomegranate,96,22.5050,62.5764,1.2377,0.0198
2413,joystick_001,joystick,81,12.1846,12.1846,8.2089,0.0313
2088,hamburger_026,hamburger,95,50.4579,112.5620,2.7087,0.0087
2216,handbag_044,handbag,109,2.6844,178.8584,4.6441,0.0146
203,banana_012,banana,73,172.7171,172.7171,1.9369,0.0348
3866,ricecooker_003,ricecooker,97,29.0648,29.0648,10.1294,0.0331
3495,pizza_027,pizza,71,164.0016,172.4405,16.6273,0.0112
4699,tooth_paste_013,tooth_paste,96,6.5554,175.4940,2.8791,0.0189
767,bumbag_007,bumbag,104,14.2371,178.9263,5.9851,0.0677
423,box_040,box,89,94.5738,94.5738,23.1951,0.0413
3086,oyster_023,oyster,101,9.1670,9.1671,1.8873,0.0168
2886,mouse_003,mouse,90,10.9874,10.9873,14.6638,0.0175
3286,pen_004,pen,55,157.0106,160.9801,1.8213,0.1017
1873,flower_pot_007,flower_pot,91,119.7528,119.7528,3.1942,0.0509
808,burrito_002,burrito,102,10.3731,31.4056,10.7870,0.0412
1084,chicken_leg_008,chicken_leg,87,167.9473,167.9473,3.5936,0.0215
1892,fork_002,fork,66,113.4810,113.4810,20.3968,0.0826
4499,teapot_009,teapot,119,10.3521,10.3521,12.1490,0.0200
1219,clock_039,clock,91,71.5463,71.5463,4.9559,0.0138
1192,clock_011,clock,90,104.2496,104.2496,1.8571,0.0328
650,broccoli_003,broccoli,63,73.8787,168.8320,4.4347,0.0850
4074,shoe_015,shoe,101,104.4683,104.4683,68.1197,0.0432
362,bottle_050,bottle,70,1.4296,169.9959,0.8543,0.0198
2776,mangosteen_018,mangosteen,62,45.4838,165.0298,0.9684,0.0225
2216,handbag_044,handbag,109,151.8134,151.8134,3.7456,0.0227
2216,handbag_044,handbag,109,145.7033,176.8316,37.3847,0.0323
4202,speaker_001,speaker,100,18.4505,18.4505,8.7541,0.0665
1676,durian_021,durian,117,18.3092,18.3092,9.3926,0.0222
3622,potato_014,potato,46,15.7994,15.7994,0.7154,0.0239
2814,medicine_bottle_029,medicine_bottle,72,6.9201,150.8197,5.2166,0.0370
453,box_070,box,73,8.7479,8.7479,6.3817,0.0358
946,carrot_012,carrot,110,3.4920,106.8818,10.5756,0.0602
913,candy_038,candy,66,9.5158,176.7830,2.7231,0.0481
1540,doll_073,doll,23,84.8515,84.8515,16.2768,0.2174
4857,toy_bus_029,toy_bus,79,17.2521,17.2521,2.1415,0.0679
1408,dice_007,dice,65,28.0290,28.0290,58.8613,0.1684
2852,microwaveoven_003,microwaveoven,81,99.7787,99.7787,20.8283,0.0473
4414,sweet_potato_024,sweet_potato,68,5.6075,18.0254,1.5010,0.0281
1462,dish_012,dish,54,135.1859,135.1859,10.1401,0.0253
2614,litchi_025,litchi,25,53.7012,87.1258,14.0713,0.0593
3622,potato_014,potato,46,10.2352,10.2352,1.1145,0.0166
2636,longan_018,longan,40,62.3113,76.4615,3.9162,0.0157
343,book_022,book,71,73.9595,178.2480,2.3501,0.0170
4048,shaomai_007,shaomai,50,107.5522,176.2124,20.5126,0.1338
2152,hammer_019,hammer,89,3.6507,3.6507,6.0616,0.0511
343,book_022,book,71,1.8342,179.6024,7.2227,0.0410
2177,hand_cream_022,hand_cream,88,10.6473,10.6473,9.0541,0.0127
3512,plant_013,plant,57,21.0803,83.2904,2.9537,0.0097
4036,shampoo_032,shampoo,95,5.6944,5.6944,10.2125,0.0060
1251,coconut_012,coconut,83,18.8886,140.5137,9.7737,0.0202
4202,speaker_001,speaker,100,19.3909,19.3909,17.7927,0.0347
2060,hairpin_023,hairpin,39,55.0722,55.0722,26.6083,0.1594
2838,medicine_bottle_053,medicine_bottle,60,7.3411,119.7173,10.2705,0.0266
4100,shrimp_003,shrimp,64,4.4216,4.4216,4.4993,0.0192
2073,hamburger_009,hamburger,88,5.1546,108.4627,10.3716,0.0177
3644,potato_036,potato,63,154.4351,154.4351,21.8671,0.0558
232,beauty_blender_002,beauty_blender,79,26.8911,26.8911,4.6922,0.0542
4298,steamed_bun_053,steamed_bun,78,75.3861,145.4102,3.1787,0.0441
2073,hamburger_009,hamburger,88,11.6729,113.3723,57.3642,0.0153
2175,hand_cream_020,hand_cream,78,4.3878,178.1370,1.7764,0.0196
5130,waffle_015,waffle,70,6.5572,19.9871,13.0882,0.0152
2037,hair_dryer_037,hair_dryer,73,15.5527,15.5527,1.6179,0.0205
3447,pitaya_027,pitaya,88,12.7692,47.9135,5.0784,0.0166
3342,pillow_010,pillow,129,7.1197,175.1088,19.5768,0.0557
4345,suitcase_006,suitcase,104,65.4704,156.1881,6.5744,0.0456
946,carrot_012,carrot,110,10.1629,73.3280,1.0287,0.0228
2298,haw_thorn_046,haw_thorn,37,38.1150,126.9340,7.1987,0.0756
742,bucket_noodle_011,bucket_noodle,113,168.7535,174.0078,2.9529,0.0378
1587,drawing_002,drawing,152,75.0487,75.0487,25.3892,0.0315
1462,dish_012,dish,54,170.9086,170.9086,1.7796,0.0541
51,apple_014,apple,69,12.8526,108.5968,6.4164,0.0048
3657,potato_chips_006,potato_chips,37,38.1120,147.4851,2.7732,0.0468
4449,table_tennis_bat_003,table_tennis_bat,78,37.3001,37.3001,18.1831,0.0433
4098,shrimp_001,shrimp,87,27.4313,27.4313,4.5356,0.0366
2197,handbag_024,handbag,151,17.2038,167.6338,20.1262,0.0336
3086,oyster_023,oyster,101,7.9912,7.9912,4.1961,0.0223
4161,soap_017,soap,51,61.8070,169.8763,34.0832,0.0904
1739,egg_036,egg,49,24.4079,121.5964,5.6342,0.0116
2431,keyboard_002,keyboard,133,7.6082,7.6082,9.3683,0.0376
933,canned_beverage_001,canned_beverage,98,172.2033,176.0290,9.7439,0.0540
1310,corn_011,corn,46,7.2841,163.2736,1.4844,0.0315
5344,yam_032,yam,86,5.1329,87.4275,3.5877,0.0263
1527,doll_060,doll,75,52.4398,52.4398,34.9597,0.0167
4271,steamed_bun_017,steamed_bun,77,2.2778,34.7943,7.7700,0.0299
34,antique_017,antique,93,177.6644,177.6644,24.3267,0.0566
4252,starfish_007,starfish,109,97.7356,97.7356,19.7763,0.1242
1305,corn_006,corn,67,153.3002,159.4271,29.8693,0.0273
1220,clock_040,clock,120,22.6665,22.6665,1.4358,0.0315
2470,kiwifruit_002,kiwifruit,63,16.5536,66.3469,1.6820,0.0306
5332,yam_020,yam,96,4.3448,161.8662,16.1179,0.0095
1408,dice_007,dice,65,105.9090,166.7855,20.7914,0.0193
4611,tissue_030,tissue,74,178.2799,178.4385,6.3485,0.0716
752,bucket_noodle_022,bucket_noodle,76,4.3836,70.5811,2.4572,0.0167
973,cauliflower_002,cauliflower,91,3.1412,90.0719,8.3239,0.0078
2863,monitor_004,monitor,86,174.7600,174.7600,4.8367,0.0686
4539,thermos_004,thermos,82,41.5337,41.5337,17.3847,0.0330
511,bread_048,bread,68,39.8493,39.8493,7.6053,0.0221
2350,hot_dog_083,hot_dog,100,110.6097,110.6097,2.2189,0.0380
2120,hami_melon_004,hami_melon,76,66.1939,76.6281,66.7958,0.1456
1965,glasses_case_019,glasses_case,90,61.1468,61.1468,2.1518,0.0513
1429,dinosaur_012,dinosaur,99,175.7496,175.7496,4.0634,0.0318
334,book_011,book,107,5.5054,177.3101,3.5942,0.0541
2566,light_024,light,97,18.2827,18.2827,6.3158,0.0393
79,apple_045,apple,54,148.6181,148.6181,2.4706,0.0294
3692,power_strip_032,power_strip,80,3.6994,3.6993,34.0104,0.0444
1129,china_001,china,90,170.2287,170.2287,2.1275,0.0303
3488,pizza_020,pizza,56,176.0126,176.0219,1.7631,0.0209
3245,peanut_031,peanut,67,150.7512,179.0496,11.6963,0.1220
466,boxed_beverage_003,boxed_beverage,74,42.0551,42.0551,1.0881,0.0168
1176,chocolates_012,chocolates,43,24.8607,24.8607,8.2678,0.0926
4420,sweet_potato_030,sweet_potato,82,168.3719,177.0887,13.9748,0.0101
3921,sandwich_021,sandwich,97,86.2723,128.7030,6.0332,0.0146
205,banana_014,banana,93,169.3364,169.3364,2.9150,0.0352
2846,medicine_bottle_061,medicine_bottle,49,3.1558,112.3655,3.4115,0.0421
3054,ornament_002,ornament,56,141.8492,141.8492,16.7843,0.0565
4528,teddy_bear_004,teddy_bear,94,33.4153,33.4153,7.9847,0.0728
2525,lemon_013,lemon,49,12.3971,164.6789,21.0654,0.0094
3254,pear_009,pear,57,86.8306,171.4667,40.9024,0.0113
3026,orange_011,orange,73,16.4784,28.7134,4.3024,0.0190
2525,lemon_013,lemon,49,8.0952,83.2836,2.8890,0.0172
4161,soap_017,soap,51,32.5578,158.0132,12.2139,0.0718
1942,glasses_001,glasses,80,69.0513,69.0513,1.6499,0.0673
4539,thermos_004,thermos,82,13.1888,13.1888,2.1935,0.0043
2247,hat_022,hat,57,67.8028,67.8028,6.2314,0.0796
650,broccoli_003,broccoli,63,9.9997,53.8927,3.4004,0.0436
343,book_022,book,71,80.2333,166.8228,4.1872,0.0865
1245,coconut_005,coconut,95,163.3426,173.6197,15.9320,0.0527
1217,clock_037,clock,72,164.5077,164.5077,4.9910,0.0327
211,banana_023,banana,63,178.2400,178.2401,4.8720,0.0260
4990,toy_train_005,toy_train,63,38.8538,38.8538,9.8076,0.0428
2211,handbag_039,handbag,85,104.9714,104.9714,7.1630,0.0349
3257,pear_012,pear,53,9.7436,76.0643,3.1761,0.0212
4535,thermometer_001,thermometer,57,26.4734,26.4734,7.4386,0.0176
3802,red_wine_glass_010,red_wine_glass,81,8.5870,178.7687,4.0064,0.0050
3343,pillow_011,pillow,126,28.5627,28.5627,206.5427,0.0261
5130,waffle_015,waffle,70,7.4896,49.0979,4.3036,0.0290
5260,watermelon_028,watermelon,81,39.4934,39.4934,1.9166,0.0199
4379,sushi_031,sushi,52,117.5558,117.5558,26.5195,0.0322
4534,teddy_bear_010,teddy_bear,96,32.1012,32.1012,36.3894,0.1724
3305,pie_005,pie,77,14.2890,64.7864,4.2514,0.0170
2109,hamburger_050,hamburger,96,7.6132,36.2657,4.0149,0.0443
3495,pizza_027,pizza,71,10.1076,16.8018,1.0908,0.0507
776,bun_007,bun,83,159.9800,160.9167,5.6637,0.0204
1192,clock_011,clock,90,112.3885,112.3885,18.3060,0.0112
3305,pie_005,pie,77,168.9956,171.9244,9.8701,0.0119
4821,toy_boat_056,toy_boat,76,44.2063,44.2063,12.8230,0.0323
5344,yam_032,yam,86,2.8968,113.2943,1.4221,0.0190
3037,orange_022,orange,60,20.7585,68.8606,1.2658,0.0101
742,bucket_noodle_011,bucket_noodle,113,29.2662,124.7624,62.1302,0.0323
2507,laundry_detergent_004,laundry_detergent,91,13.0972,13.0972,2.3775,0.0210
2029,hair_dryer_029,hair_dryer,114,135.1847,135.1847,18.0416,0.0720
5115,vase_015,vase,70,5.9977,73.3142,0.6530,0.0213
4431,table_013,table,93,164.0108,164.0108,17.8259,0.1176
3622,potato_014,potato,46,166.5317,166.5316,3.2001,0.0169
3778,red_jujube_002,red_jujube,28,29.8680,166.8225,3.5374,0.0247
1942,glasses_001,glasses,80,25.7333,25.7333,6.8806,0.0371
4096,shoe_037,shoe,91,172.2569,172.2569,11.0105,0.0406
4904,toy_car_012,toy_car,69,88.1964,88.1964,22.8657,0.0199
2168,hand_cream_012,hand_cream,39,73.0540,73.0540,4.8882,0.0734
1307,corn_008,corn,70,160.6169,177.9243,2.5960,0.0165
776,bun_007,bun,83,16.9808,17.1391,2.0644,0.0181
2247,hat_022,hat,57,153.9413,153.9413,3.9215,0.0428
2401,insole_002,insole,66,175.6520,175.6520,17.1384,0.0271
133,backpack_032,backpack,73,160.0307,160.0307,4.7174,0.0240
4611,tissue_030,tissue,74,4.5045,179.5183,5.3320,0.0287
3086,oyster_023,oyster,101,11.1479,11.1479,1.1243,0.0316
221,banana_039,banana,35,98.5047,98.5046,8.9550,0.0755
1469,doll_001,doll,94,163.9734,163.9734,16.4888,0.0428
1841,fire_extinguisher_001,fire_extinguisher,103,123.3131,123.3131,23.0413,0.0264
4391,sweet_potato_001,sweet_potato,57,12.1958,51.6464,3.5641,0.0334
1469,doll_001,doll,94,176.4279,176.4279,5.1396,0.0243
1892,fork_002,fork,66,120.3226,120.3226,35.2463,0.0717
196,banana_005,banana,83,21.6910,21.6910,4.4310,0.0279
4506,teapot_016,teapot,108,7.3936,7.3936,0.6494,0.0253
2298,haw_thorn_046,haw_thorn,37,13.7919,48.0686,11.2948,0.1262
4286,steamed_bun_041,steamed_bun,78,9.9338,10.2168,0.6017,0.0141
1251,coconut_012,coconut,83,9.5820,101.6793,5.6438,0.0193
4047,shaomai_006,shaomai,69,14.1243,110.2889,3.2343,0.0149
345,book_025,book,95,16.8505,177.0570,9.0429,0.0397
183,bamboo_shoots_029,bamboo_shoots,104,138.1978,141.6398,3.9606,0.0554
3188,peach_005,peach,81,23.4019,94.4741,4.5031,0.0176
4580,timer_017,timer,61,4.5252,4.5252,14.4535,0.0624
1026,cheese_030,cheese,83,90.1062,138.4881,6.1947,0.0469
3291,picnic_basket_002,picnic_basket,106,46.3696,46.3696,17.0256,0.0276
756,bucket_noodle_026,bucket_noodle,63,6.6929,6.6929,1.8322,0.0575
2029,hair_dryer_029,hair_dryer,114,174.9667,174.9667,1.9638,0.0184
1485,doll_017,doll,45,52.2087,52.2087,3.2776,0.0271
1896,frisbee_003,frisbee,108,5.0038,17.5019,3.4724,0.0291
1819,facial_cream_008,facial_cream,89,4.5365,177.2354,1.3591,0.0261
2211,handbag_039,handbag,85,34.0930,34.0930,4.2322,0.0296
2367,house_011,house,35,147.3414,147.3414,16.0997,0.0310
3512,plant_013,plant,57,62.2510,173.2778,6.2348,0.0365
225,banana_043,banana,69,15.2548,15.2548,2.8294,0.0265
2503,laptop_004,laptop,107,9.0559,9.0558,5.9406,0.0195
5254,watermelon_012,watermelon,91,23.2170,23.2170,10.9695,0.0070
2703,magnet_004,magnet,30,30.5880,61.0070,1.5787,0.0629
2589,lipstick_008,lipstick,57,6.5438,167.3416,5.4442,0.1289
1469,doll_001,doll,94,40.5082,40.5082,3.7887,0.0271
4048,shaomai_007,shaomai,50,14.4053,18.6206,23.4107,0.0658
1552,doll_085,doll,133,18.1686,18.1686,16.8930,0.0753
4036,shampoo_032,shampoo,95,10.3817,10.3817,8.0934,0.0332
3564,pomegranate_049,pomegranate,96,29.1122,154.0624,1.9942,0.0181
2113,hamburger_054,hamburger,49,14.0884,76.8107,6.3241,0.0214
1307,corn_008,corn,70,176.1906,176.4680,6.0475,0.0147
767,bumbag_007,bumbag,104,141.0197,174.2133,10.7061,0.0182
2060,hairpin_023,hairpin,39,109.7346,109.7346,3.0800,0.0674
1192,clock_011,clock,90,48.5712,48.5712,11.5746,0.0417
3342,pillow_010,pillow,129,2.3856,178.9387,8.1690,0.0371
1690,dustbin_005,dustbin,111,170.8187,170.8187,4.8474,0.0201
4345,suitcase_006,suitcase,104,14.2644,14.2644,4.4707,0.0520
2216,handbag_044,handbag,109,61.9043,61.9043,29.5907,0.0326
2949,mushroom_046,mushroom,35,85.9280,177.6908,34.0394,0.0932
2216,handbag_044,handbag,109,165.8762,165.8762,12.9334,0.0233
3134,pan_003,pan,128,137.0087,137.0087,8.3199,0.0386
3134,pan_003,pan,128,133.7783,133.7783,9.1906,0.0404
1892,fork_002,fork,66,177.5421,177.5421,12.2192,0.1193
5188,wallet_042,wallet,101,167.0052,167.0052,6.1222,0.0610
205,banana_014,banana,93,176.5679,176.5679,3.5778,0.0263
3622,potato_014,potato,46,12.8196,12.8196,3.8217,0.0288
3134,pan_003,pan,128,27.7155,27.7155,4.0187,0.0078
3144,pancake_009,pancake,70,2.6530,152.4320,4.9291,0.0280
1889,flute_001,flute,91,33.1607,33.1607,3.3648,0.0536
1470,doll_002,doll,133,9.4484,9.4484,2.2648,0.0152
2120,hami_melon_004,hami_melon,76,16.2776,27.8217,2.8068,0.0175
3036,orange_021,orange,121,40.5574,165.8253,6.2565,0.0213
2863,monitor_004,monitor,86,15.4377,15.4377,8.5093,0.0674
4729,toy_animals_013,toy_animals,137,153.7511,153.7511,11.2929,0.0275
3378,pineapple_008,pineapple,86,76.9192,98.1967,3.3797,0.0218
1676,durian_021,durian,117,26.4635,26.4635,5.0782,0.0254
3059,ornaments_001,ornaments,101,121.4059,121.4059,41.3146,0.0858
1593,drawing_008,drawing,115,50.3603,129.8716,6.3483,0.0499
946,carrot_012,carrot,110,5.4702,57.2941,7.4169,0.0075
2109,hamburger_050,hamburger,96,8.2881,79.0713,4.9816,0.0078
3564,pomegranate_049,pomegranate,96,5.1767,111.9636,1.0871,0.0222
838,cake_008,cake,58,86.5770,86.5770,7.8728,0.0681
1892,fork_002,fork,66,129.3742,129.3742,30.3709,0.0433
616,bread_180,bread,85,135.1475,170.4421,10.2691,0.0185
2667,lotus_root_011,lotus_root,80,32.4711,34.3540,17.5561,0.0384
2120,hami_melon_004,hami_melon,76,92.7890,106.4175,5.1415,0.0406
5138,waffle_023,waffle,37,9.3545,89.5845,1.8599,0.0147
616,bread_180,bread,85,36.3556,164.7354,4.8619,0.0207
133,backpack_032,backpack,73,173.1191,173.1191,12.1210,0.0302
5227,walnut_030,walnut,47,36.1503,36.1503,9.2061,0.0649
4904,toy_car_012,toy_car,69,24.5407,24.5407,2.4319,0.0309
3383,pineapple_013,pineapple,128,5.9453,174.4474,3.5896,0.0307
469,boxed_beverage_006,boxed_beverage,91,6.6507,178.7879,5.9358,0.0154
2309,helmet_007,helmet,68,18.2036,18.2036,4.5049,0.0237
4359,sushi_011,sushi,103,163.5184,163.5184,3.3768,0.0445
4611,tissue_030,tissue,74,177.5979,177.5979,4.5550,0.0472
1739,egg_036,egg,49,171.1439,177.4598,3.3810,0.0700
2029,hair_dryer_029,hair_dryer,114,163.9355,163.9355,6.3573,0.0444
1661,durian_006,durian,78,131.6255,131.6255,1.4518,0.0180
3059,ornaments_001,ornaments,101,13.4499,13.4499,2.8684,0.0357
2211,handbag_039,handbag,85,106.9526,106.9526,1.4820,0.0276
2211,handbag_039,handbag,85,45.6955,45.6955,5.2168,0.0203
1485,doll_017,doll,45,45.0094,45.0094,11.4759,0.0356
4528,teddy_bear_004,teddy_bear,94,117.0383,117.0383,20.5097,0.0230
203,banana_012,banana,73,174.2886,174.2886,5.1228,0.0518
2886,mouse_003,mouse,90,2.7993,2.7993,13.2930,0.0470
718,brussels_sprout_004,brussels_sprout,45,41.7560,171.5166,11.8933,0.0489
5191,wallet_045,wallet,109,36.4052,36.4052,17.2448,0.0066
3371,pineapple_001,pineapple,103,107.0347,179.7869,0.6412,0.0191
2846,medicine_bottle_061,medicine_bottle,49,3.1676,142.9328,4.4923,0.0182
133,backpack_032,backpack,73,85.3319,85.3319,8.8178,0.0123
4534,teddy_bear_010,teddy_bear,96,137.1966,137.1966,9.4173,0.0221
5332,yam_020,yam,96,9.6341,41.9518,6.2069,0.0181
4539,thermos_004,thermos,82,7.1556,7.1556,5.6456,0.0563
4431,table_013,table,93,167.1819,167.1819,4.9581,0.0273
1176,chocolates_012,chocolates,43,9.1382,9.1381,10.6486,0.0494
51,apple_014,apple,69,7.6391,87.5419,6.4728,0.0225
5082,umbrella_002,umbrella,116,3.6774,138.0345,0.7323,0.0335
4074,shoe_015,shoe,101,150.2988,150.2988,12.8182,0.0337
650,broccoli_003,broccoli,63,6.0925,150.4223,0.6458,0.0126
4391,sweet_potato_001,sweet_potato,57,3.2066,158.1247,2.5342,0.0209
1346,cucumber_017,cucumber,65,169.6172,173.4718,31.5055,0.0765
4345,suitcase_006,suitcase,104,6.9077,6.9077,4.7009,0.0258
211,banana_023,banana,63,53.3231,53.3231,1.2981,0.0190
4379,sushi_031,sushi,52,27.2728,27.2729,9.1132,0.0168
4587,tissue_002,tissue,65,9.6650,173.4711,2.2864,0.0320
1367,cup_005,cup,54,23.8868,23.8868,5.0120,0.0196
2298,haw_thorn_046,haw_thorn,37,24.2393,30.1533,4.4808,0.0171
756,bucket_noodle_026,bucket_noodle,63,3.4120,153.9901,3.7439,0.0322
3378,pineapple_008,pineapple,86,3.0608,113.3439,1.5804,0.0205
221,banana_039,banana,35,128.5221,128.5221,23.1624,0.0281
5352,zongzi_005,zongzi,53,171.0607,171.0607,6.2360,0.0223
4359,sushi_011,sushi,103,6.8927,6.8927,5.4163,0.0133
465,boxed_beverage_002,boxed_beverage,86,3.3055,176.7564,2.4823,0.0171
5130,waffle_015,waffle,70,32.0190,98.6088,17.9176,0.1067
1261,coconut_022,coconut,104,6.2127,156.5372,4.6853,0.0154
5332,yam_020,yam,96,6.7183,36.2775,3.5823,0.0386
2703,magnet_004,magnet,30,116.6752,173.7883,11.9402,0.1026
3188,peach_005,peach,81,9.7404,20.5033,5.7302,0.0056
2067,hamburger_002,hamburger,67,4.8896,4.8896,7.1782,0.0053
4202,speaker_001,speaker,100,74.3748,74.3748,2.1302,0.0448
1192,clock_011,clock,90,166.0007,166.0007,24.5655,0.0627
133,backpack_032,backpack,73,0.7723,0.7723,3.3776,0.0151
4197,spanner_002,spanner,67,5.4173,5.4173,9.6429,0.0072
610,bread_174,bread,87,137.6678,177.2100,4.3937,0.0413
1129,china_001,china,90,170.8139,170.8140,3.6878,0.0629
1945,glasses_004,glasses,113,23.5860,23.5860,3.3079,0.0664
1261,coconut_022,coconut,104,8.5294,103.4394,3.1942,0.0127
3802,red_wine_glass_010,red_wine_glass,81,29.6392,159.1876,8.5810,0.0284
2247,hat_022,hat,57,102.3422,102.3422,7.9241,0.0636
3622,potato_014,potato,46,105.8689,105.8689,10.5981,0.0323
1098,chili_003,chili,67,28.1594,50.2440,5.5393,0.0200
4074,shoe_015,shoe,101,175.3686,175.3686,9.8316,0.0172
3512,plant_013,plant,57,44.6375,84.8738,7.0211,0.0444
1947,glasses_case_001,glasses_case,105,5.6488,5.6488,5.3274,0.0495
1003,cheese_003,cheese,66,36.1261,172.0228,9.2954,0.0133
4857,toy_bus_029,toy_bus,79,179.3948,179.3948,5.7800,0.0789
4241,squash_032,squash,87,168.6255,168.6476,3.0270,0.0287
1455,dish_005,dish,92,5.7456,112.7303,8.2662,0.0357
1892,fork_002,fork,66,148.0333,148.0333,39.3018,0.0896
4313,strawberry_002,strawberry,53,11.9435,24.5555,9.8795,0.0586
334,book_011,book,107,56.3472,56.3472,10.4872,0.0234
2503,laptop_004,laptop,107,2.6793,2.6793,14.2330,0.0752
2694,lotus_root_040,lotus_root,37,71.0280,71.4226,2.3041,0.0339
2197,handbag_024,handbag,151,7.3095,176.1853,3.8102,0.0191
4352,sushi_004,sushi,90,42.0653,42.0653,12.5562,0.0305
1896,frisbee_003,frisbee,108,1.9462,21.3679,2.1776,0.0386
1676,durian_021,durian,117,71.6408,71.6408,25.5925,0.0415
742,bucket_noodle_011,bucket_noodle,113,2.9364,37.4287,2.6139,0.0319
4967,toy_plane_022,toy_plane,50,79.5441,79.5441,19.5196,0.0461
1873,flower_pot_007,flower_pot,91,175.7480,175.7480,9.4995,0.0400
1524,doll_057,doll,51,4.6022,4.6022,13.3619,0.0990
502,bread_039,bread,76,168.3957,168.3957,40.8677,0.0566
1945,glasses_004,glasses,113,145.6821,145.6821,2.7770,0.0281
3291,picnic_basket_002,picnic_basket,106,34.6862,145.7540,5.1509,0.1026
1261,coconut_022,coconut,104,19.0108,159.1362,6.9634,0.0207
3059,ornaments_001,ornaments,101,173.0744,173.0744,5.3784,0.0110
2886,mouse_003,mouse,90,12.2631,12.2631,61.3594,0.0218
1889,flute_001,flute,91,79.2513,79.2513,3.0972,0.0244
2525,lemon_013,lemon,49,9.1992,60.1825,2.4557,0.0109
1294,conch_025,conch,46,123.7892,123.7892,8.0590,0.0188
211,banana_023,banana,63,160.5548,160.5548,6.3605,0.0752
2514,lemon_002,lemon,29,170.4558,174.9066,1.0944,0.0252
5191,wallet_045,wallet,109,27.3642,27.3642,2.5173,0.0419
2838,medicine_bottle_053,medicine_bottle,60,1.6297,98.7799,8.0126,0.0443
4252,starfish_007,starfish,109,9.3789,9.3789,7.5829,0.0265
1217,clock_037,clock,72,147.8950,147.8950,2.6896,0.0510
3051,orange_036,orange,59,23.4545,81.0909,4.2450,0.0112
3051,orange_036,orange,59,130.5631,135.8594,4.4933,0.0163
2367,house_011,house,35,55.1407,55.1407,4.8433,0.0148
2037,hair_dryer_037,hair_dryer,73,42.3294,42.3294,2.4907,0.0073
1542,doll_075,doll,50,166.2092,166.2092,4.0831,0.0566
3512,plant_013,plant,57,37.3977,60.4344,0.7083,0.0110
1552,doll_085,doll,133,67.8661,67.8661,9.5577,0.0347
4414,sweet_potato_024,sweet_potato,68,63.9047,63.9047,8.3193,0.0695
4431,table_013,table,93,164.4741,164.4741,18.1496,0.0104
453,box_070,box,73,79.9220,131.4903,21.3885,0.0416
3342,pillow_010,pillow,129,56.8197,56.8197,6.9364,0.0139
1630,dumbbell_015,dumbbell,51,28.0780,64.2510,10.8649,0.0362
1446,dinosaur_031,dinosaur,59,167.5420,167.5420,3.0082,0.0165
1470,doll_002,doll,133,87.5528,87.5528,14.8624,0.0337
4271,steamed_bun_017,steamed_bun,77,66.5429,124.2132,1.2627,0.0190
205,banana_014,banana,93,176.3780,176.3780,8.9601,0.0123
3051,orange_036,orange,59,6.1257,92.8545,0.6595,0.0164
1176,chocolates_012,chocolates,43,90.7157,90.7157,50.5699,0.0655
767,bumbag_007,bumbag,104,9.2185,9.2185,9.6900,0.0403
3037,orange_022,orange,60,136.9628,144.3116,2.5749,0.0178
1049,cherry_007,cherry,49,17.4738,17.4738,7.5127,0.0718
685,broccolini_009,broccolini,88,19.7321,163.0639,5.1518,0.0161
4449,table_tennis_bat_003,table_tennis_bat,78,2.7776,179.9441,0.4219,0.0126
3802,red_wine_glass_010,red_wine_glass,81,81.7509,81.8023,40.3468,0.0323
2333,hot_dog_066,hot_dog,55,138.5495,138.5495,4.3584,0.0263
5316,yam_003,yam,91,121.3033,132.9864,8.1435,0.0494
5093,umbrella_013,umbrella,101,9.7525,46.0102,2.4580,0.0218
2614,litchi_025,litchi,25,91.3618,157.9365,38.6390,0.2407
4699,tooth_paste_013,tooth_paste,96,18.4010,174.2435,4.2925,0.0437
1219,clock_039,clock,91,45.5697,45.5697,81.3505,0.0597
946,carrot_012,carrot,110,4.7736,140.3235,3.6486,0.0409
3059,ornaments_001,ornaments,101,8.1584,8.1584,4.1490,0.0493
4286,steamed_bun_041,steamed_bun,78,104.6231,157.4577,17.2132,0.0417
4489,tape_measure_024,tape_measure,79,16.5282,171.7335,1.8681,0.0070
742,bucket_noodle_011,bucket_noodle,113,56.9101,157.3030,3.7647,0.0025
2309,helmet_007,helmet,68,82.0290,82.0290,8.7495,0.0191
2838,medicine_bottle_053,medicine_bottle,60,5.2056,58.7121,19.8478,0.0431
1942,glasses_001,glasses,80,25.9899,25.9899,13.8852,0.0635
2414,kennel_001,kennel,95,126.2235,126.2235,31.0491,0.0658
4550,thimble_009,thimble,49,88.1554,96.7430,5.3284,0.1919
1965,glasses_case_019,glasses_case,90,16.4633,16.4633,3.1754,0.0562
3378,pineapple_008,pineapple,86,3.4344,156.9167,4.6611,0.0130
745,bucket_noodle_014,bucket_noodle,71,21.4783,114.6879,18.8929,0.0180
5260,watermelon_028,watermelon,81,68.3667,68.3667,3.6660,0.0231
2525,lemon_013,lemon,49,4.6290,145.8681,8.9793,0.0134
2455,kite_010,kite,13,109.1646,109.1646,74.4583,0.2293
776,bun_007,bun,83,173.0519,176.4524,4.7216,0.0176
610,bread_174,bread,87,104.4670,104.4670,8.8282,0.0532
1892,fork_002,fork,66,17.5759,17.5759,11.4201,0.0628
5344,yam_032,yam,86,165.6824,168.4722,3.2821,0.0765
1753,egg_tart_001,egg_tart,58,12.0978,83.2351,2.5643,0.0378
423,box_040,box,89,23.0205,159.7821,8.4958,0.0100
4100,shrimp_003,shrimp,64,135.3104,135.3104,8.6619,0.0652
350,bottle_032,bottle,73,11.3428,14.1503,8.7444,0.0157
1261,coconut_022,coconut,104,119.6643,123.1162,26.3221,0.0382
695,brush_009,brush,68,50.7340,50.7340,4.7927,0.0444
44,apple_007,apple,95,169.2738,175.2133,2.8511,0.0077
2525,lemon_013,lemon,49,175.7039,177.4772,3.3029,0.0251
5254,watermelon_012,watermelon,91,42.2193,42.2193,3.6687,0.0285
1192,clock_011,clock,90,64.0121,64.0121,2.9673,0.0272
3091,oyster_030,oyster,69,36.0309,36.0309,10.4446,0.0484
1192,clock_011,clock,90,147.2765,147.2765,4.7660,0.0307
362,bottle_050,bottle,70,177.0918,178.3111,4.6225,0.0243
3257,pear_012,pear,53,176.6476,178.3877,4.5680,0.0197
51,apple_014,apple,69,15.8579,149.0647,3.8561,0.0108
4699,tooth_paste_013,tooth_paste,96,5.4713,5.4713,6.3455,0.0259
2431,keyboard_002,keyboard,133,177.4076,177.4076,19.3920,0.0085
205,banana_014,banana,93,168.6196,168.6196,1.3567,0.0090
44,apple_007,apple,95,2.9904,98.7874,0.9243,0.0075
1945,glasses_004,glasses,113,167.6070,167.6070,2.6490,0.0247
1176,chocolates_012,chocolates,43,165.8846,165.8846,9.2078,0.1226
3650,potato_043,potato,75,25.9081,25.9081,6.0824,0.0479
4252,starfish_007,starfish,109,175.9202,175.9202,14.7305,0.0182
350,bottle_032,bottle,73,2.2435,96.0504,1.1616,0.0230
1003,cheese_003,cheese,66,8.6512,10.6502,1.3759,0.0546
3866,ricecooker_003,ricecooker,97,30.8559,30.8559,2.2387,0.0492
2120,hami_melon_004,hami_melon,76,35.6879,73.6259,5.3898,0.0828
1615,drum_002,drum,66,105.6469,106.0623,6.2919,0.0457
418,box_035,box,93,16.7870,171.8355,0.9905,0.0128
2109,hamburger_050,hamburger,96,3.0517,64.7671,1.6379,0.0208
2979,nipple_006,nipple,52,7.6441,7.6441,4.7315,0.0486
3134,pan_003,pan,128,18.0563,18.0563,8.6697,0.0243
4359,sushi_011,sushi,103,132.2022,132.2022,7.6105,0.0524
1965,glasses_case_019,glasses_case,90,174.9511,174.9511,17.5106,0.1000
5188,wallet_042,wallet,101,174.1472,174.1472,9.0440,0.0264
1892,fork_002,fork,66,144.7470,144.7470,25.7889,0.0698
3447,pitaya_027,pitaya,88,15.3110,60.9371,10.2948,0.0229
4048,shaomai_007,shaomai,50,102.8552,136.8539,13.0118,0.0380
2216,handbag_044,handbag,109,168.5761,172.0687,58.5865,0.0246
4534,teddy_bear_010,teddy_bear,96,12.5823,12.5823,6.8797,0.0141
1305,corn_006,corn,67,3.9951,161.2729,1.8595,0.0185
4047,shaomai_006,shaomai,69,17.7759,179.7368,15.3779,0.0640
2333,hot_dog_066,hot_dog,55,88.0068,125.3086,42.5469,0.0912
2120,hami_melon_004,hami_melon,76,18.7230,27.2388,56.8250,0.0446
5138,waffle_023,waffle,37,168.0404,168.0668,38.2417,0.0590
3037,orange_022,orange,60,160.2868,165.4671,4.5928,0.0211
3447,pitaya_027,pitaya,88,9.1330,87.6713,9.7111,0.0352
4197,spanner_002,spanner,67,3.3560,3.3560,5.7737,0.0206
812,burrito_006,burrito,88,78.6435,78.6435,11.4643,0.0523
51,apple_014,apple,69,9.5001,126.2942,4.3647,0.0122
4550,thimble_009,thimble,49,41.6344,159.3055,34.3407,0.1076
1310,corn_011,corn,46,55.0972,112.2928,13.1248,0.0217
2886,mouse_003,mouse,90,15.3700,15.3700,7.5864,0.0674
1098,chili_003,chili,67,10.0965,115.7171,10.7838,0.0262
4345,suitcase_006,suitcase,104,23.4088,23.4088,14.8620,0.0260
1475,doll_007,doll,76,63.8606,63.8606,5.6125,0.0302
3343,pillow_011,pillow,126,5.8200,5.8200,6.1294,0.0220
4421,sword_bean_001,sword_bean,24,15.1735,118.4248,8.5472,0.1750
3760,pumpkin_035,pumpkin,82,8.5378,146.5127,0.8560,0.0178
913,candy_038,candy,66,27.5121,27.5121,54.8383,0.0303
469,boxed_beverage_006,boxed_beverage,91,2.8110,177.5547,3.3538,0.0245
3134,pan_003,pan,128,14.1994,14.1994,9.2953,0.0082
1220,clock_040,clock,120,109.9092,109.9092,20.4104,0.0096
946,carrot_012,carrot,110,3.9778,54.4102,8.3346,0.0116
1129,china_001,china,90,179.0057,179.0057,3.7104,0.0147
3091,oyster_030,oyster,69,134.4299,134.4299,140.5072,0.0409
3188,peach_005,peach,81,28.2282,150.1941,2.4473,0.0237
4161,soap_017,soap,51,11.3548,174.3896,15.3744,0.0294
2413,joystick_001,joystick,81,42.9460,42.9460,2.7952,0.0360
4409,sweet_potato_019,sweet_potato,79,2.4670,111.5787,6.2424,0.0077
4857,toy_bus_029,toy_bus,79,72.0258,72.0258,5.5817,0.1082
2211,handbag_039,handbag,85,24.4623,24.4623,19.2221,0.0277
1129,china_001,china,90,24.0197,24.0197,2.7366,0.0374
2029,hair_dryer_029,hair_dryer,114,6.0084,6.0084,2.4535,0.0227
1753,egg_tart_001,egg_tart,58,7.4491,34.1499,5.6088,0.0847
4202,speaker_001,speaker,100,174.7560,174.7560,2.2424,0.0117
51,apple_014,apple,69,1.6287,146.0499,1.9832,0.0162
2420,kettle_003,kettle,77,4.5431,4.5430,4.8912,0.0482
2503,laptop_004,laptop,107,100.9853,100.9853,8.8176,0.0384
1219,clock_039,clock,91,27.9849,27.9849,0.9171,0.0030
776,bun_007,bun,83,17.0216,171.5715,42.0028,0.1355
2979,nipple_006,nipple,52,179.3735,179.3732,43.8430,0.1211
4721,toy_animals_005,toy_animals,95,10.8937,10.8937,4.0771,0.0168
4138,shrimp_041,shrimp,61,177.3746,177.3746,10.5814,0.0686
2414,kennel_001,kennel,95,51.0483,51.0483,9.4763,0.0124
2589,lipstick_008,lipstick,57,176.3218,176.4359,6.1135,0.0305
3802,red_wine_glass_010,red_wine_glass,81,2.4844,134.2382,5.1326,0.0671
4420,sweet_potato_030,sweet_potato,82,113.0993,121.5068,4.3480,0.0151
4161,soap_017,soap,51,3.7060,178.1302,2.2196,0.0371
4535,thermometer_001,thermometer,57,118.9566,118.9566,4.0097,0.0404
2367,house_011,house,35,41.4068,41.4068,4.4014,0.0448
1307,corn_008,corn,70,11.2741,11.2741,2.8023,0.0078
5352,zongzi_005,zongzi,53,15.5877,15.5877,5.9983,0.0376
808,burrito_002,burrito,102,36.3600,173.6893,21.7600,0.0311
4904,toy_car_012,toy_car,69,27.6844,27.6844,1.9668,0.0187
469,boxed_beverage_006,boxed_beverage,91,1.5139,1.5139,0.7891,0.0402
1469,doll_001,doll,94,47.5581,47.5581,12.0374,0.0299
4535,thermometer_001,thermometer,57,170.4273,170.4273,30.8550,0.0189
2401,insole_002,insole,66,42.7783,42.7783,8.9001,0.0534
2868,mooncake_005,mooncake,51,5.7976,129.4553,1.1471,0.0746
4036,shampoo_032,shampoo,95,12.8674,12.8674,15.7666,0.0136
5188,wallet_042,wallet,101,175.7346,175.7346,2.3831,0.0213
3026,orange_011,orange,73,8.7434,54.2965,3.7869,0.0250
3866,ricecooker_003,ricecooker,97,167.1111,167.1111,7.8101,0.0557
3843,remote_control_030,remote_control,69,124.5449,124.5449,3.2888,0.0435
695,brush_009,brush,68,35.6683,35.6683,13.9352,0.0437
1892,fork_002,fork,66,59.0771,59.0771,4.2510,0.0624
4539,thermos_004,thermos,82,73.7763,73.7763,2.8678,0.0133
650,broccoli_003,broccoli,63,6.3112,93.8878,6.1875,0.0138
1408,dice_007,dice,65,93.7669,136.4039,21.2002,0.0748
4263,starfish_018,starfish,81,175.8370,175.8370,28.1361,0.0083
1904,garage_kit_004,garage_kit,69,167.7715,167.7715,3.6304,0.0529
2838,medicine_bottle_053,medicine_bottle,60,22.2495,106.4469,14.9203,0.0416
4352,sushi_004,sushi,90,167.3676,167.3676,21.4091,0.0368
3846,rice_cake_003,rice_cake,52,92.8593,92.8593,13.5032,0.0429
4539,thermos_004,thermos,82,77.8811,77.8811,23.4995,0.0227
4096,shoe_037,shoe,91,6.8306,6.8306,10.2990,0.0096
695,brush_009,brush,68,121.7923,121.7923,16.3573,0.0452
44,apple_007,apple,95,119.5046,119.5312,0.3757,0.0197
616,bread_180,bread,85,16.2578,16.2578,14.9370,0.0306
4570,timer_007,timer,76,17.3144,17.3144,10.2992,0.0434
2503,laptop_004,laptop,107,152.7246,152.7246,5.7702,0.0189
3506,plant_006,plant,106,1.0893,70.5053,1.5003,0.0166
232,beauty_blender_002,beauty_blender,79,19.7008,19.7008,2.4407,0.0203
3495,pizza_027,pizza,71,124.9280,129.0677,30.1471,0.0252
913,candy_038,candy,66,4.6519,176.7451,17.3529,0.1076
3262,pear_017,pear,93,127.2910,145.1472,12.3773,0.0762
3051,orange_036,orange,59,48.2195,156.9815,16.6383,0.0377
4074,shoe_015,shoe,101,11.5496,11.5496,20.1182,0.0444
1979,gloves_013,gloves,70,15.1106,15.1106,5.0420,0.0102
2298,haw_thorn_046,haw_thorn,37,162.4109,173.9110,4.4557,0.0446
5260,watermelon_028,watermelon,81,137.5957,137.5957,2.4004,0.0176
4286,steamed_bun_041,steamed_bun,78,141.2228,164.6466,1.6263,0.0701
4252,starfish_007,starfish,109,33.0863,33.0863,14.0151,0.0140
1363,cup_001,cup,60,148.8364,148.8364,10.8198,0.0544
4036,shampoo_032,shampoo,95,7.3689,7.3689,9.9115,0.0236
1245,coconut_005,coconut,95,158.6141,160.6492,7.2942,0.0163
1049,cherry_007,cherry,49,18.3423,18.3423,16.4499,0.0230
3540,pomegranate_025,pomegranate,57,5.0044,72.6424,5.5880,0.0482
343,book_022,book,71,57.5343,125.8217,17.4785,0.0079
3037,orange_022,orange,60,32.5970,121.6466,37.6950,0.0303
4539,thermos_004,thermos,82,177.7306,177.7306,13.2841,0.0371
465,boxed_beverage_002,boxed_beverage,86,4.9800,175.5753,1.8370,0.0069
4138,shrimp_041,shrimp,61,20.5082,20.5082,5.3437,0.0310
1462,dish_012,dish,54,28.6259,151.4880,17.3996,0.0837
2614,litchi_025,litchi,25,160.7458,165.0622,4.9903,0.0798
3564,pomegranate_049,pomegranate,96,59.4186,173.9931,24.8017,0.0220
4509,teapot_019,teapot,64,47.2062,47.2062,12.0260,0.0700
3054,ornament_002,ornament,56,130.1416,130.1416,11.0954,0.0182
1462,dish_012,dish,54,170.0997,175.7803,11.9885,0.0335
2703,magnet_004,magnet,30,16.2955,86.5164,7.9876,0.0365
2589,lipstick_008,lipstick,57,11.8863,11.8896,7.1064,0.0360
3343,pillow_011,pillow,126,82.9897,98.0300,87.6384,0.0603
3846,rice_cake_003,rice_cake,52,139.6738,139.6738,2.8091,0.0248
3650,potato_043,potato,75,29.9146,29.9146,2.0147,0.0202
3086,oyster_023,oyster,101,24.6369,24.6369,3.6619,0.0173
1593,drawing_008,drawing,115,75.7784,105.9396,23.4082,0.0094
4773,toy_animals_057,toy_animals,52,20.3188,20.3188,10.2126,0.1363
4611,tissue_030,tissue,74,16.6774,176.8641,6.7213,0.0267
1469,doll_001,doll,94,42.6526,42.6526,9.5923,0.0278
4074,shoe_015,shoe,101,15.7969,15.7969,24.7722,0.0896
205,banana_014,banana,93,135.7602,135.7602,13.5003,0.0519
1192,clock_011,clock,90,5.7190,5.7190,2.6401,0.0232
2060,hairpin_023,hairpin,39,150.3227,150.3227,5.1844,0.0849
4670,tooth_brush_011,tooth_brush,85,1.9839,1.9839,18.6422,0.0334
1542,doll_075,doll,50,147.8918,147.8918,16.2672,0.0532
2177,hand_cream_022,hand_cream,88,2.6579,177.6032,7.8213,0.0516
742,bucket_noodle_011,bucket_noodle,113,5.4640,52.8069,0.8637,0.0029
5191,wallet_045,wallet,109,5.8324,5.8324,4.1208,0.0178
1220,clock_040,clock,120,5.4016,5.4015,2.7786,0.0232
2667,lotus_root_011,lotus_root,80,6.6315,19.8150,5.5505,0.0517
4799,toy_boat_025,toy_boat,57,5.9003,5.9003,10.8668,0.0219
1084,chicken_leg_008,chicken_leg,87,11.8431,11.8431,4.0876,0.0231
3180,pastry_022,pastry,61,8.0572,176.9809,11.5708,0.0432
469,boxed_beverage_006,boxed_beverage,91,171.5829,171.5829,20.2920,0.0367
4702,tooth_paste_016,tooth_paste,109,84.6484,177.1189,3.9578,0.0156
1374,cup_012,cup,80,23.6654,23.6654,3.0085,0.0409
345,book_025,book,95,23.5461,174.8645,9.3501,0.0205
5332,yam_020,yam,96,153.0486,174.0383,6.1043,0.0501
2175,hand_cream_020,hand_cream,78,126.9386,126.9386,18.0419,0.0663
2333,hot_dog_066,hot_dog,55,47.2306,47.2306,2.8098,0.0176
3843,remote_control_030,remote_control,69,44.9342,44.9342,2.8819,0.0205
3506,plant_006,plant,106,18.6292,35.3438,11.4126,0.0069
1084,chicken_leg_008,chicken_leg,87,171.9467,171.9467,16.2922,0.0346
4721,toy_animals_005,toy_animals,95,7.1379,7.1379,1.9332,0.0258
269,biscuit_010,biscuit,56,48.0339,48.0339,7.2066,0.0293
4535,thermometer_001,thermometer,57,29.7958,29.7958,1.4353,0.0435
431,box_048,box,61,86.9412,108.7438,14.9238,0.0170
4298,steamed_bun_053,steamed_bun,78,7.5845,70.2513,1.5691,0.0306
203,banana_012,banana,73,169.3210,169.3210,23.1030,0.0567
3512,plant_013,plant,57,12.5885,127.6777,6.4368,0.0734
1868,flower_pot_002,flower_pot,119,61.1730,61.1730,7.3101,0.0166
1690,dustbin_005,dustbin,111,126.5897,126.5897,24.7180,0.0130
537,bread_087,bread,55,176.6803,176.6803,9.0584,0.0248
656,broccoli_009,broccoli,85,2.8801,167.7906,1.1976,0.0104
4100,shrimp_003,shrimp,64,63.6088,63.6088,22.3044,0.1141
1245,coconut_005,coconut,95,2.7469,4.0982,6.5232,0.0362
540,bread_090,bread,78,17.7040,17.7040,7.3900,0.0234
110,asparagus_011,asparagus,56,33.0359,33.0359,19.5072,0.0245
2455,kite_010,kite,13,63.1817,63.1817,43.1876,0.3556
1873,flower_pot_007,flower_pot,91,67.3928,67.3928,6.3337,0.0259
656,broccoli_009,broccoli,85,40.2444,104.5347,1.1166,0.0248
4202,speaker_001,speaker,100,127.8112,127.8112,7.0042,0.0748
5243,water_chestnut_002,water_chestnut,37,127.0686,169.6536,1.1849,0.1161
3059,ornaments_001,ornaments,101,13.9857,13.9857,2.9321,0.0107
2137,hammer_003,hammer,64,176.5821,176.5820,12.6220,0.0261
3650,potato_043,potato,75,40.4996,40.4996,12.8327,0.0454
2722,mango_019,mango,56,148.4117,172.9830,33.0110,0.0232
4449,table_tennis_bat_003,table_tennis_bat,78,31.4251,31.4251,6.8665,0.0384
4100,shrimp_003,shrimp,64,23.7262,23.7262,2.2440,0.0425
1504,doll_037,doll,72,21.8555,21.8555,1.0974,0.0217
1431,dinosaur_014,dinosaur,74,176.9024,176.9024,6.4109,0.0382
2667,lotus_root_011,lotus_root,80,7.7105,26.7458,1.6010,0.0194
2470,kiwifruit_002,kiwifruit,63,162.6996,165.3079,7.3039,0.0152
1831,fan_005,fan,64,39.2720,39.2720,4.8014,0.0283
5138,waffle_023,waffle,37,19.1934,87.8605,8.1452,0.0140
3412,pinecone_013,pinecone,64,92.3233,94.2193,19.3561,0.0373
4345,suitcase_006,suitcase,104,78.3731,78.3731,13.4718,0.0319
502,bread_039,bread,76,28.7829,151.7948,2.6108,0.0094
2120,hami_melon_004,hami_melon,76,88.1920,179.7762,10.3873,0.0779
1504,doll_037,doll,72,18.9714,18.9714,5.5959,0.0245
2071,hamburger_007,hamburger,66,101.9131,151.0498,29.2697,0.0362
110,asparagus_011,asparagus,56,5.9161,47.7144,5.8910,0.0535
2239,hat_013,hat,100,145.0701,145.0701,11.6371,0.0170
4470,tape_measure_004,tape_measure,64,54.6232,54.6232,2.0885,0.0184
1690,dustbin_005,dustbin,111,145.4418,145.4418,18.1098,0.0130
5238,watch_011,watch,49,12.7337,12.7337,7.4008,0.0347
2211,handbag_039,handbag,85,129.1246,165.1859,17.1655,0.0628
3866,ricecooker_003,ricecooker,97,151.8227,151.8227,9.1528,0.0552
4773,toy_animals_057,toy_animals,52,17.4515,17.4515,10.7827,0.0211
4036,shampoo_032,shampoo,95,5.8751,5.8751,3.5834,0.0599
2120,hami_melon_004,hami_melon,76,78.6056,155.4609,1.7915,0.0129
2413,joystick_001,joystick,81,178.1799,178.1799,4.6264,0.0423
1593,drawing_008,drawing,115,98.0821,98.0821,10.0943,0.0575
1889,flute_001,flute,91,162.9230,162.9230,34.8032,0.0787
650,broccoli_003,broccoli,63,7.6339,155.1621,9.4526,0.0369
345,book_025,book,95,13.7479,168.6225,4.5543,0.0150
3540,pomegranate_025,pomegranate,57,156.0254,162.3228,14.5029,0.0653
610,bread_174,bread,87,141.5413,141.5413,2.3181,0.0233
3091,oyster_030,oyster,69,80.8962,80.8962,8.3500,0.0453
1363,cup_001,cup,60,2.6793,2.6793,1.5227,0.0319
2152,hammer_019,hammer,89,5.4532,5.4532,6.7712,0.0334
4298,steamed_bun_053,steamed_bun,78,7.0300,140.8581,0.5359,0.0208
4534,teddy_bear_010,teddy_bear,96,19.1028,19.1028,10.5128,0.0264
453,box_070,box,73,39.7104,176.4323,7.8647,0.0683
1527,doll_060,doll,75,44.1325,44.1325,11.8167,0.0199
1892,fork_002,fork,66,165.5465,165.5465,3.3250,0.1009
4904,toy_car_012,toy_car,69,133.0987,133.0987,15.9253,0.0363
2852,microwaveoven_003,microwaveoven,81,129.2920,129.2920,10.6380,0.0265
3083,oyster_020,oyster,66,172.7717,172.7717,9.8842,0.0200
1873,flower_pot_007,flower_pot,91,159.7758,159.7758,0.2599,0.0219
203,banana_012,banana,73,45.7983,45.7983,11.3354,0.0286
1947,glasses_case_001,glasses_case,105,11.1721,11.1721,2.1572,0.0415
3699,projector_004,projector,95,154.0829,154.0829,6.0087,0.0153
4197,spanner_002,spanner,67,179.7039,179.7039,17.4689,0.0216
4298,steamed_bun_053,steamed_bun,78,15.2015,119.0072,6.0739,0.0307
4352,sushi_004,sushi,90,80.9807,80.9807,18.1875,0.0549
1527,doll_060,doll,75,38.1341,38.1341,6.1520,0.0482
4470,tape_measure_004,tape_measure,64,174.0545,179.8042,13.7875,0.0690
502,bread_039,bread,76,80.3523,80.3523,1.1090,0.0271
1462,dish_012,dish,54,64.8311,64.8311,12.1147,0.0082
4990,toy_train_005,toy_train,63,11.1980,11.1980,13.8089,0.0409
3913,sandwich_013,sandwich,70,2.8028,98.6363,3.5134,0.0572
4345,suitcase_006,suitcase,104,86.5816,169.6152,5.5813,0.0509
5191,wallet_045,wallet,109,70.5891,70.5891,12.0653,0.0713
4345,suitcase_006,suitcase,104,15.2778,178.0069,3.6156,0.0576
2694,lotus_root_040,lotus_root,37,5.4130,39.1131,3.1180,0.0571
4570,timer_007,timer,76,112.3317,112.3317,2.0218,0.0281
626,bread_190,bread,102,12.4686,176.5136,1.8185,0.0625
3109,package_013,package,76,29.2945,29.2945,2.6911,0.0398
2814,medicine_bottle_029,medicine_bottle,72,12.7768,104.0463,3.0526,0.0122
767,bumbag_007,bumbag,104,169.2777,179.0424,4.5852,0.0197
2120,hami_melon_004,hami_melon,76,11.0899,100.6276,1.3637,0.0187
1929,ginger_007,ginger,68,178.9310,178.9310,5.0475,0.0369
1429,dinosaur_012,dinosaur,99,163.4076,163.4076,14.1055,0.0339
3692,power_strip_032,power_strip,80,9.1152,9.1152,16.9420,0.0189
4449,table_tennis_bat_003,table_tennis_bat,78,61.7213,61.7213,8.5356,0.0300
4587,tissue_002,tissue,65,168.6824,168.6824,4.8038,0.0155
1221,clock_041,clock,88,11.3801,11.3801,2.8164,0.0353
2414,kennel_001,kennel,95,56.1671,56.1671,3.3498,0.0065
1251,coconut_012,coconut,83,69.8036,137.6080,1.7917,0.0049
1831,fan_005,fan,64,64.2056,64.2056,11.0288,0.0973
1483,doll_015,doll,55,60.2365,60.2365,10.2720,0.1346
196,banana_005,banana,83,153.4334,153.4334,13.4063,0.0378
2886,mouse_003,mouse,90,5.0126,5.0126,6.9499,0.0084
85,apple_051,apple,68,139.8236,169.5238,4.5757,0.0929
4161,soap_017,soap,51,6.4841,175.8487,2.6260,0.0147
3921,sandwich_021,sandwich,97,67.0787,101.1747,30.7588,0.0679
2636,longan_018,longan,40,164.3579,171.6747,5.1409,0.0632
405,box_020,box,111,11.0339,179.3403,3.0888,0.0312
1753,egg_tart_001,egg_tart,58,13.0473,83.0573,0.6477,0.0615
1495,doll_028,doll,80,24.5739,24.5739,38.9558,0.0318
423,box_040,box,89,15.7442,15.7442,1.8466,0.0089
3026,orange_011,orange,73,4.1620,7.0499,3.1834,0.0102
2752,mango_058,mango,37,47.3937,134.9513,19.4617,0.0305
3506,plant_006,plant,106,9.3819,60.0696,2.0128,0.0286
610,bread_174,bread,87,104.7674,104.7674,2.6493,0.0628
4240,squash_031,squash,83,6.1238,127.8827,5.9057,0.0252
2037,hair_dryer_037,hair_dryer,73,107.8385,107.8385,1.3354,0.0320
3254,pear_009,pear,57,116.0056,116.5181,38.6835,0.0397
4241,squash_032,squash,87,165.5692,166.3413,1.3778,0.0260
3289,phone_shell_001,phone_shell,60,4.6909,4.6909,6.7708,0.0444
1504,doll_037,doll,72,179.2992,179.2992,8.8366,0.0149
2367,house_011,house,35,113.3006,113.3006,25.4317,0.1640
4611,tissue_030,tissue,74,32.1265,162.8292,10.8887,0.0308
1084,chicken_leg_008,chicken_leg,87,167.3238,167.3238,16.1085,0.0269
469,boxed_beverage_006,boxed_beverage,91,5.1714,175.5753,3.4499,0.0234
2507,laundry_detergent_004,laundry_detergent,91,7.9090,7.9090,2.5423,0.0171
3342,pillow_010,pillow,129,89.0264,89.0264,6.7071,0.0279
626,bread_190,bread,102,43.7756,43.7756,1.0212,0.0159
4074,shoe_015,shoe,101,19.1206,19.1206,7.0155,0.0403
3699,projector_004,projector,95,60.5776,60.5776,3.0447,0.0269
838,cake_008,cake,58,158.8510,158.8510,2.7495,0.0780
913,candy_038,candy,66,7.5330,7.5330,13.0323,0.0449
334,book_011,book,107,20.0035,20.0035,9.0475,0.0199
4275,steamed_bun_022,steamed_bun,69,127.7199,138.1881,15.1845,0.0866
2113,hamburger_054,hamburger,49,64.5716,136.0659,15.5159,0.0506
4252,starfish_007,starfish,109,19.1731,19.1731,6.5777,0.0107
2309,helmet_007,helmet,68,68.0970,68.0970,18.5808,0.0266
1527,doll_060,doll,75,14.6821,14.6821,8.6682,0.0352
405,box_020,box,111,69.6584,69.6584,35.5622,0.0237
3257,pear_012,pear,53,89.1011,122.3089,8.1810,0.0175
1221,clock_041,clock,88,20.3538,20.3538,5.8503,0.0354
3488,pizza_020,pizza,56,6.8244,22.2446,7.5509,0.0204
3059,ornaments_001,ornaments,101,169.5880,169.5880,5.7856,0.0212
4352,sushi_004,sushi,90,16.3010,16.3010,2.3318,0.0388
5344,yam_032,yam,86,5.8516,5.8516,1.7189,0.0326
2367,house_011,house,35,98.4855,98.4855,16.9501,0.0610
767,bumbag_007,bumbag,104,92.1822,145.5321,3.6394,0.0450
418,box_035,box,93,15.7825,178.5479,1.8437,0.0208
4240,squash_031,squash,83,10.5837,103.1908,4.3434,0.0172
2333,hot_dog_066,hot_dog,55,55.1850,55.1850,2.3893,0.0165
2073,hamburger_009,hamburger,88,5.6863,37.1610,6.0124,0.0444
1062,chess_022,chess,50,2.0851,83.5219,3.4910,0.0332
5188,wallet_042,wallet,101,177.6291,177.6291,6.0029,0.0371
1217,clock_037,clock,72,22.3100,22.3100,3.7916,0.0266
3570,popcorn_003,popcorn,44,129.0189,129.0189,5.6657,0.0374
2863,monitor_004,monitor,86,89.2995,89.2995,3.9786,0.0373
2367,house_011,house,35,178.8094,178.8094,7.5748,0.0631
3506,plant_006,plant,106,4.7053,12.1874,6.2179,0.0290
4202,speaker_001,speaker,100,2.4910,2.4910,5.9529,0.0180
2881,mooncake_018,mooncake,56,8.4610,126.5430,1.3762,0.0480
4509,teapot_019,teapot,64,76.6635,76.6635,6.6160,0.0806
458,box_075,box,101,5.2825,5.2825,12.0277,0.0159
1495,doll_028,doll,80,166.3678,166.3678,7.3646,0.0769
5260,watermelon_028,watermelon,81,40.2328,40.2328,13.1461,0.0297
4944,toy_motorcycle_039,toy_motorcycle,85,41.6821,41.6821,1.7865,0.0256
4047,shaomai_006,shaomai,69,3.5792,81.1106,2.2782,0.0257
4550,thimble_009,thimble,49,94.4364,130.6714,14.2006,0.1163
405,box_020,box,111,9.3409,9.3409,3.1351,0.0733
4345,suitcase_006,suitcase,104,74.1136,74.1136,11.7782,0.0324
4699,tooth_paste_013,tooth_paste,96,14.4697,167.1172,7.4815,0.0444
2677,lotus_root_021,lotus_root,84,39.0217,39.1204,11.8598,0.0306
650,broccoli_003,broccoli,63,17.4958,42.3831,1.3947,0.0379
1540,doll_073,doll,23,114.8543,114.8543,12.7638,0.0999
2085,hamburger_021,hamburger,85,162.8896,171.2112,5.6766,0.0254
502,bread_039,bread,76,10.6528,176.4189,7.6079,0.0083
4420,sweet_potato_030,sweet_potato,82,6.5331,101.7954,3.2257,0.0239
3778,red_jujube_002,red_jujube,28,172.3718,173.0376,5.9625,0.0475
2333,hot_dog_066,hot_dog,55,101.3933,101.3933,21.9991,0.0569
584,bread_148,bread,100,35.9085,176.6346,8.3634,0.0291
4570,timer_007,timer,76,116.1144,116.1144,1.6237,0.0236
5254,watermelon_012,watermelon,91,4.0865,4.0865,4.7112,0.0165
269,biscuit_010,biscuit,56,151.4156,151.4156,7.8839,0.0248
742,bucket_noodle_011,bucket_noodle,113,86.6017,112.3394,16.4325,0.0214
3622,potato_014,potato,46,30.1838,30.1838,2.8746,0.0581
4202,speaker_001,speaker,100,175.9424,175.9424,21.6469,0.0487
4161,soap_017,soap,51,6.8206,178.5201,13.1477,0.0176
2350,hot_dog_083,hot_dog,100,8.3221,179.8430,8.6545,0.0221
2029,hair_dryer_029,hair_dryer,114,115.9453,115.9453,5.5551,0.0504
2455,kite_010,kite,13,74.3439,74.3439,42.7696,0.1095
5344,yam_032,yam,86,2.2688,177.1435,2.5568,0.0187
2168,hand_cream_012,hand_cream,39,88.5721,88.5721,27.7422,0.1059
5227,walnut_030,walnut,47,68.3500,151.6464,7.0617,0.1480
1640,dumpling_012,dumpling,52,153.8943,167.1536,18.9363,0.0423
5188,wallet_042,wallet,101,177.7820,177.7821,2.5655,0.0183
2333,hot_dog_066,hot_dog,55,21.1074,21.1074,2.8186,0.0066
1690,dustbin_005,dustbin,111,156.4180,156.4180,18.0289,0.0159
4499,teapot_009,teapot,119,29.8772,29.8772,1.4002,0.0242
2073,hamburger_009,hamburger,88,94.1304,143.4390,32.3240,0.0214
650,broccoli_003,broccoli,63,31.1242,116.3496,6.2323,0.0253
1374,cup_012,cup,80,8.0133,8.0133,5.2237,0.0086
1662,durian_007,durian,69,30.1660,30.1660,10.0875,0.0866
2752,mango_058,mango,37,19.1881,19.1881,2.7363,0.0385
3080,oyster_017,oyster,64,83.2670,83.2670,1.8965,0.0363
4048,shaomai_007,shaomai,50,34.6025,38.3179,2.6217,0.0219
3091,oyster_030,oyster,69,169.7640,169.7640,1.7163,0.0292
4528,teddy_bear_004,teddy_bear,94,145.5793,145.5793,5.0446,0.0255
559,bread_115,bread,61,164.3351,176.3053,7.6882,0.0434
34,antique_017,antique,93,102.5653,102.5653,5.9431,0.0559
2420,kettle_003,kettle,77,136.6375,136.6375,5.0808,0.0284
1217,clock_037,clock,72,31.9144,31.9144,4.6590,0.0447
1495,doll_028,doll,80,25.9438,25.9438,2.7034,0.0354
808,burrito_002,burrito,102,18.5317,173.9263,9.2401,0.0495
5138,waffle_023,waffle,37,10.0539,146.2249,3.7306,0.0325
4345,suitcase_006,suitcase,104,80.0306,170.1174,19.3434,0.0226
2846,medicine_bottle_061,medicine_bottle,49,2.5136,54.0625,2.5623,0.0171
4509,teapot_019,teapot,64,69.1793,69.1793,2.3504,0.0830
4379,sushi_031,sushi,52,166.2225,166.2225,5.1961,0.0183
1176,chocolates_012,chocolates,43,15.7078,15.7078,11.6365,0.1048
3383,pineapple_013,pineapple,128,3.1858,153.8216,2.3278,0.0205
2413,joystick_001,joystick,81,6.4058,6.4058,3.6409,0.0093
2814,medicine_bottle_029,medicine_bottle,72,5.7890,11.7106,4.8948,0.0230
4729,toy_animals_013,toy_animals,137,17.7601,17.7601,2.8634,0.0151
183,bamboo_shoots_029,bamboo_shoots,104,6.9876,51.0608,7.0518,0.0162
1462,dish_012,dish,54,23.7286,23.7286,5.2561,0.0097
2413,joystick_001,joystick,81,14.3191,14.3191,1.1263,0.0144
4298,steamed_bun_053,steamed_bun,78,5.1771,5.1771,1.7190,0.0468
4074,shoe_015,shoe,101,73.4408,73.4408,5.3107,0.0314
4570,timer_007,timer,76,118.6368,118.6368,42.0281,0.0238
1164,chocolate_013,chocolate,45,41.6978,41.6978,3.1469,0.0096
1204,clock_024,clock,73,36.8745,36.8745,54.5858,0.0578
650,broccoli_003,broccoli,63,167.8331,172.3563,7.6933,0.0352
4074,shoe_015,shoe,101,94.3605,94.3605,4.5043,0.0355
752,bucket_noodle_022,bucket_noodle,76,8.4502,82.2273,0.7044,0.0263
1429,dinosaur_012,dinosaur,99,99.1683,99.1683,6.5335,0.1018
2413,joystick_001,joystick,81,13.0926,13.0926,2.0062,0.0371
756,bucket_noodle_026,bucket_noodle,63,134.0802,137.6847,5.3495,0.0873
2503,laptop_004,laptop,107,154.5823,154.5823,39.7870,0.0632
1204,clock_024,clock,73,13.5565,13.5565,24.4035,0.0164
511,bread_048,bread,68,165.6709,177.2279,4.3964,0.0272
812,burrito_006,burrito,88,166.4980,166.4980,10.0146,0.0209
133,backpack_032,backpack,73,39.7126,39.7126,12.9084,0.0599
1204,clock_024,clock,73,156.4415,156.4415,49.6518,0.0367
1469,doll_001,doll,94,176.0948,176.0948,6.0484,0.0259
1217,clock_037,clock,72,18.9342,18.9342,3.3299,0.0183
4699,tooth_paste_013,tooth_paste,96,3.5552,3.5552,1.3323,0.0282
4161,soap_017,soap,51,66.2754,66.2754,16.5308,0.0195
221,banana_039,banana,35,122.8382,122.8382,6.1883,0.0777
511,bread_048,bread,68,14.4677,172.9256,0.8729,0.0386
1485,doll_017,doll,45,18.4990,18.4990,10.2846,0.0909
4490,tape_measure_025,tape_measure,68,14.1455,178.3235,3.1117,0.0297
4649,tomato_020,tomato,49,18.2803,40.7815,5.4973,0.0449
3644,potato_036,potato,63,30.2374,30.2374,2.4615,0.0209
182,bamboo_shoots_028,bamboo_shoots,93,10.7924,98.3652,4.3563,0.0301
2970,mushroom_067,mushroom,81,8.8249,178.5321,17.6127,0.0233
1819,facial_cream_008,facial_cream,89,3.9131,3.9131,3.6346,0.0221
4570,timer_007,timer,76,83.4155,83.4155,8.0127,0.0321
4240,squash_031,squash,83,3.7925,93.1433,21.7857,0.0237
2037,hair_dryer_037,hair_dryer,73,14.5622,14.5622,4.7507,0.0538
2106,hamburger_047,hamburger,82,7.1861,110.4290,12.7287,0.0303
4409,sweet_potato_019,sweet_potato,79,1.6744,160.3934,1.4711,0.0346
3059,ornaments_001,ornaments,101,134.2916,134.2916,8.2045,0.0247
1427,dinosaur_010,dinosaur,107,21.4745,21.4745,4.0667,0.0406
3134,pan_003,pan,128,48.0833,48.0833,3.1432,0.0236
2259,haw_thorn_004,haw_thorn,48,75.4280,78.3799,8.7383,0.0496
4100,shrimp_003,shrimp,64,13.6507,13.6507,2.1148,0.0362
4431,table_013,table,93,66.3633,66.3633,18.5753,0.0195
39,apple_001,apple,56,3.5398,20.1150,1.2833,0.0091
2211,handbag_039,handbag,85,115.6541,115.6541,9.0079,0.0303
4670,tooth_brush_011,tooth_brush,85,10.1145,10.1145,5.9616,0.0183
3699,projector_004,projector,95,151.3774,151.3774,12.1238,0.0368
4528,teddy_bear_004,teddy_bear,94,15.6565,15.6565,5.3463,0.0163
3291,picnic_basket_002,picnic_basket,106,37.2334,155.0385,4.8277,0.0285
4944,toy_motorcycle_039,toy_motorcycle,85,9.5357,9.5357,4.7582,0.0250
3286,pen_004,pen,55,33.2514,108.3528,4.0918,0.0633
1615,drum_002,drum,66,123.2012,177.2988,14.7146,0.0409
2507,laundry_detergent_004,laundry_detergent,91,9.5355,9.5355,1.5737,0.0269
2037,hair_dryer_037,hair_dryer,73,175.3270,175.3270,15.4335,0.0483
345,book_025,book,95,14.5235,178.7781,1.8388,0.0545
79,apple_045,apple,54,52.1465,52.1465,0.6703,0.0229
39,apple_001,apple,56,7.4896,13.6111,0.7558,0.0113
5260,watermelon_028,watermelon,81,168.1008,168.1008,11.0819,0.0171
2525,lemon_013,lemon,49,9.3347,143.1332,3.2825,0.0153
4699,tooth_paste_013,tooth_paste,96,22.4114,22.4114,9.0329,0.0238
2175,hand_cream_020,hand_cream,78,5.3217,177.2343,8.5326,0.0384
1305,corn_006,corn,67,2.0617,157.0084,2.9579,0.0196
626,bread_190,bread,102,95.7998,95.7998,9.4669,0.0420
1469,doll_001,doll,94,111.9767,111.9767,8.1004,0.0461
1462,dish_012,dish,54,19.1708,19.1708,9.0486,0.0389
817,burrito_011,burrito,90,64.7188,69.0103,29.0454,0.0235
2507,laundry_detergent_004,laundry_detergent,91,11.1795,11.1795,1.6230,0.0294
2668,lotus_root_012,lotus_root,66,12.4977,93.9394,1.0019,0.0118
3051,orange_036,orange,59,142.4091,148.4023,9.6278,0.0424
5352,zongzi_005,zongzi,53,162.3246,162.3246,14.5335,0.0592
2814,medicine_bottle_029,medicine_bottle,72,1.2530,145.8756,6.8429,0.0262
2037,hair_dryer_037,hair_dryer,73,9.0428,9.0428,2.3628,0.0168
1462,dish_012,dish,54,24.2692,159.7014,6.4908,0.1862
2060,hairpin_023,hairpin,39,51.3611,51.3611,14.9163,0.0716
1330,corn_032,corn,84,9.0165,31.4740,6.8533,0.0079
1904,garage_kit_004,garage_kit,69,17.4579,17.4579,1.7175,0.0112
4534,teddy_bear_010,teddy_bear,96,164.5616,164.5616,40.0964,0.2867
85,apple_051,apple,68,14.5007,43.0515,13.6854,0.0340
3080,oyster_017,oyster,64,15.5690,15.5690,6.3938,0.0198
1363,cup_001,cup,60,55.2448,55.2448,10.3097,0.0258
1942,glasses_001,glasses,80,86.6544,86.6544,43.3949,0.0707
3086,oyster_023,oyster,101,8.1137,8.1137,3.1790,0.0230
4359,sushi_011,sushi,103,173.2513,173.2513,14.1476,0.0694
4047,shaomai_006,shaomai,69,35.3020,39.1234,4.6246,0.0286
3692,power_strip_032,power_strip,80,90.9065,90.9065,23.0403,0.0103
2343,hot_dog_076,hot_dog,116,39.7736,39.7736,4.0534,0.0129
1462,dish_012,dish,54,126.6824,126.6824,51.0469,0.0923
616,bread_180,bread,85,26.8011,171.9428,11.0443,0.0367
808,burrito_002,burrito,102,26.5641,130.0053,5.7091,0.0295
2949,mushroom_046,mushroom,35,3.5544,158.5878,4.1966,0.0291
4202,speaker_001,speaker,100,143.2185,143.2185,1.7315,0.0207
2852,microwaveoven_003,microwaveoven,81,104.1929,104.1929,7.5142,0.0358
1346,cucumber_017,cucumber,65,138.9219,162.8266,23.7702,0.0208
3343,pillow_011,pillow,126,43.1110,168.1082,21.6448,0.0508
4670,tooth_brush_011,tooth_brush,85,102.3215,102.3215,6.3895,0.0306
1446,dinosaur_031,dinosaur,59,132.1445,132.1445,10.1656,0.1131
2886,mouse_003,mouse,90,16.5306,16.5306,10.8035,0.0588
4275,steamed_bun_022,steamed_bun,69,68.8227,105.7590,22.2062,0.0761
2060,hairpin_023,hairpin,39,164.9263,164.9263,6.1318,0.1476
3495,pizza_027,pizza,71,156.7511,163.9184,29.0534,0.0322
2431,keyboard_002,keyboard,133,13.1375,13.1375,7.4889,0.0367
3768,razor_004,razor,67,164.2961,164.2961,6.4844,0.0171
2886,mouse_003,mouse,90,10.8010,10.8010,3.7465,0.0196
4967,toy_plane_022,toy_plane,50,39.8015,39.8015,0.3676,0.0620
2814,medicine_bottle_029,medicine_bottle,72,11.5068,112.9205,1.9791,0.0305
2216,handbag_044,handbag,109,87.0223,87.0223,14.5253,0.0397
2420,kettle_003,kettle,77,140.8777,140.8777,9.3834,0.0124
2814,medicine_bottle_029,medicine_bottle,72,4.8446,110.6986,14.3019,0.1014
3846,rice_cake_003,rice_cake,52,171.2396,171.2396,8.2249,0.0437
1945,glasses_004,glasses,113,132.6672,132.6672,4.9379,0.0403
4197,spanner_002,spanner,67,175.4657,175.4657,5.8639,0.0270
5254,watermelon_012,watermelon,91,27.4579,27.4579,7.9180,0.0120
745,bucket_noodle_014,bucket_noodle,71,3.4159,103.7137,5.4556,0.0444
133,backpack_032,backpack,73,126.2041,126.2041,13.3432,0.0463
1462,dish_012,dish,54,62.2136,119.8144,6.1505,0.0359
2949,mushroom_046,mushroom,35,6.4723,18.6617,6.0040,0.0496
4729,toy_animals_013,toy_animals,137,73.2656,73.2656,6.9323,0.0194
2152,hammer_019,hammer,89,4.3899,4.3899,9.4239,0.0096
2037,hair_dryer_037,hair_dryer,73,27.9294,27.9294,11.9269,0.0555
823,burrito_017,burrito,84,4.5084,178.4544,4.4319,0.0259
4313,strawberry_002,strawberry,53,27.7668,174.8379,6.7716,0.0221
4740,toy_animals_024,toy_animals,68,35.2874,35.2874,91.4046,0.0904
4391,sweet_potato_001,sweet_potato,57,160.2925,179.3893,10.5202,0.0310
4391,sweet_potato_001,sweet_potato,57,6.1546,155.4523,0.5021,0.0213
1485,doll_017,doll,45,9.5853,9.5853,3.1880,0.0096
3512,plant_013,plant,57,9.6702,129.7815,6.4976,0.0707
133,backpack_032,backpack,73,5.5768,5.5768,9.0252,0.0300
4701,tooth_paste_015,tooth_paste,84,30.1562,179.3262,2.5025,0.0074
5332,yam_020,yam,96,163.9529,169.7153,2.3619,0.0277
2636,longan_018,longan,40,158.7774,159.8558,13.3628,0.0132
4535,thermometer_001,thermometer,57,15.9236,15.9236,8.0274,0.0570
2351,hot_dog_084,hot_dog,59,12.6695,170.9036,13.5491,0.0113
3291,picnic_basket_002,picnic_basket,106,13.8033,13.8033,12.9173,0.0694
203,banana_012,banana,73,20.0645,20.0645,5.4127,0.0474
1992,green_bean_cake_013,green_bean_cake,56,55.0241,125.1221,5.7121,0.0683
1540,doll_073,doll,23,138.1498,138.1498,10.1367,0.2306
2322,hot_dog_053,hot_dog,91,175.0183,179.3535,0.9350,0.0084
1979,gloves_013,gloves,70,34.9005,34.9005,0.8543,0.0433
85,apple_051,apple,68,113.2091,150.3157,4.8301,0.0409
1676,durian_021,durian,117,30.8418,30.8418,1.1446,0.0549
44,apple_007,apple,95,8.3172,70.3225,9.5475,0.0201
4570,timer_007,timer,76,15.0089,15.0089,2.4181,0.0409
3289,phone_shell_001,phone_shell,60,14.2436,14.2436,6.8604,0.0679
2970,mushroom_067,mushroom,81,175.4173,176.1915,5.2565,0.0466
1470,doll_002,doll,133,11.9840,11.9840,7.4268,0.0305
225,banana_043,banana,69,176.9131,176.9131,9.5838,0.0395
1346,cucumber_017,cucumber,65,36.2482,59.7778,6.5143,0.0972
3512,plant_013,plant,57,0.6691,19.8499,4.1076,0.0240
1129,china_001,china,90,177.5524,177.5524,5.8781,0.0369
2120,hami_melon_004,hami_melon,76,7.2940,41.4074,1.8906,0.0228
3073,oyster_006,oyster,80,90.5027,90.5027,9.3809,0.0201
2703,magnet_004,magnet,30,12.4744,63.2301,3.7638,0.1205
1945,glasses_004,glasses,113,75.5394,75.5394,3.1564,0.0547
1542,doll_075,doll,50,153.4402,153.4402,2.0783,0.0182
2120,hami_melon_004,hami_melon,76,19.1412,104.2401,5.3804,0.0284
4394,sweet_potato_004,sweet_potato,39,156.6430,156.6430,2.2202,0.0870
4038,shampoo_034,shampoo,62,6.3040,6.3040,1.9230,0.0112
1753,egg_tart_001,egg_tart,58,11.1905,160.6203,3.0431,0.0393
225,banana_043,banana,69,1.9769,1.9769,3.7101,0.0218
3036,orange_021,orange,121,23.0368,147.9198,5.2705,0.0309
1363,cup_001,cup,60,98.2676,98.2676,49.6375,0.0413
4275,steamed_bun_022,steamed_bun,69,12.6483,69.1784,21.3890,0.0976
110,asparagus_011,asparagus,56,18.9734,76.2987,2.8091,0.0273
1431,dinosaur_014,dinosaur,74,161.9052,161.9052,5.1478,0.0473
2503,laptop_004,laptop,107,4.0792,4.0792,9.5879,0.0268
4263,starfish_018,starfish,81,170.0716,170.0716,14.8768,0.0563
405,box_020,box,111,9.0528,172.5522,10.5001,0.0310
2881,mooncake_018,mooncake,56,20.6382,144.7089,5.3601,0.0296
584,bread_148,bread,100,155.0968,155.0968,14.1799,0.0380
4161,soap_017,soap,51,23.3457,23.3457,2.9778,0.0650
537,bread_087,bread,55,174.0946,174.0946,16.2974,0.0890
423,box_040,box,89,109.9887,109.9887,2.9168,0.0218
1431,dinosaur_014,dinosaur,74,165.0533,165.0533,28.5272,0.0250
2037,hair_dryer_037,hair_dryer,73,4.7296,4.7296,7.4424,0.0337
3540,pomegranate_025,pomegranate,57,16.6454,58.5673,29.0536,0.1082
458,box_075,box,101,66.7539,140.6155,98.3945,0.0493
5138,waffle_023,waffle,37,8.9908,78.3403,24.0846,0.0285
4528,teddy_bear_004,teddy_bear,94,51.5843,51.5843,8.0664,0.0279
2852,microwaveoven_003,microwaveoven,81,45.8610,45.8610,28.1220,0.0661
3245,peanut_031,peanut,67,131.6115,150.2052,20.0198,0.0196
4990,toy_train_005,toy_train,63,97.3979,97.3979,10.5983,0.0238
4345,suitcase_006,suitcase,104,72.7532,72.7532,1.1998,0.0464
812,burrito_006,burrito,88,5.8112,5.8112,15.1039,0.0497
4944,toy_motorcycle_039,toy_motorcycle,85,26.8317,26.8317,8.0757,0.0215
3343,pillow_011,pillow,126,8.1755,8.1755,3.7432,0.0382
1868,flower_pot_002,flower_pot,119,176.3315,176.3315,23.9564,0.0852
1587,drawing_002,drawing,152,54.8323,54.8323,2.2952,0.0282
2838,medicine_bottle_053,medicine_bottle,60,4.5095,63.3061,8.8483,0.0633
4701,tooth_paste_015,tooth_paste,84,87.7447,159.5827,10.3359,0.0134
2071,hamburger_007,hamburger,66,19.5504,48.4890,14.2753,0.0605
4036,shampoo_032,shampoo,95,5.6335,5.6335,10.1918,0.0296
2109,hamburger_050,hamburger,96,2.1744,49.3493,1.9463,0.0377
3714,puff_009,puff,58,18.4210,29.3739,7.0094,0.0110
4414,sweet_potato_024,sweet_potato,68,12.1065,154.6918,8.2410,0.0301
4275,steamed_bun_022,steamed_bun,69,75.0628,103.1145,7.5571,0.0149
4074,shoe_015,shoe,101,11.9046,11.9046,7.6145,0.0231
2667,lotus_root_011,lotus_root,80,112.4915,114.2490,9.9302,0.0154
1367,cup_005,cup,54,129.8910,129.8910,22.6781,0.0553
2073,hamburger_009,hamburger,88,2.8451,96.9027,3.2663,0.0331
1965,glasses_case_019,glasses_case,90,12.1261,12.1261,2.6847,0.0206
4252,starfish_007,starfish,109,174.7791,174.7791,3.6483,0.0080
1965,glasses_case_019,glasses_case,90,64.0286,64.0286,10.7284,0.0347
4100,shrimp_003,shrimp,64,176.4348,176.4348,6.2680,0.0166
4240,squash_031,squash,83,24.4712,116.8762,10.7407,0.0197
2507,laundry_detergent_004,laundry_detergent,91,19.9016,19.9016,4.9578,0.0274
4499,teapot_009,teapot,119,22.1312,22.1312,2.7672,0.0620
933,canned_beverage_001,canned_beverage,98,56.8941,160.4968,12.8691,0.0255
1892,fork_002,fork,66,61.6032,61.6032,7.8057,0.1016
1049,cherry_007,cherry,49,14.4543,177.9965,1.5356,0.0032
4263,starfish_018,starfish,81,29.2525,29.2525,9.2544,0.0379
1098,chili_003,chili,67,8.1990,132.3354,43.3299,0.0642
3291,picnic_basket_002,picnic_basket,106,160.5441,163.4062,19.0612,0.0140
3495,pizza_027,pizza,71,6.4722,164.5713,9.3883,0.0409
584,bread_148,bread,100,114.9410,114.9410,10.5185,0.0156
2507,laundry_detergent_004,laundry_detergent,91,16.0964,16.0965,5.1879,0.0223
4313,strawberry_002,strawberry,53,138.0633,170.5303,2.2414,0.0109
1947,glasses_case_001,glasses_case,105,11.0045,11.0045,4.6083,0.0340
1429,dinosaur_012,dinosaur,99,38.9514,38.9514,2.8588,0.0277
4550,thimble_009,thimble,49,15.8319,175.9084,7.6390,0.0639
1475,doll_007,doll,76,4.6868,4.6868,5.0211,0.0457
1892,fork_002,fork,66,150.1317,150.1317,7.6851,0.0899
196,banana_005,banana,83,137.1819,137.1819,4.3438,0.0173
3011,onion_030,onion,65,49.2404,100.6239,8.7005,0.0464
5188,wallet_042,wallet,101,176.1097,176.1097,3.1278,0.0225
4138,shrimp_041,shrimp,61,158.6132,158.6132,14.8986,0.2037
4528,teddy_bear_004,teddy_bear,94,168.0669,168.0668,49.6066,0.0314
3650,potato_043,potato,75,141.4392,141.4392,10.0525,0.0325
2814,medicine_bottle_029,medicine_bottle,72,122.0783,124.5405,8.3442,0.0676
465,boxed_beverage_002,boxed_beverage,86,93.7202,151.2443,12.2486,0.0373
1896,frisbee_003,frisbee,108,3.1617,98.0187,4.5079,0.0365
2852,microwaveoven_003,microwaveoven,81,144.3851,144.3851,4.9496,0.0085
4345,suitcase_006,suitcase,104,147.3264,147.3264,48.4368,0.0508
3564,pomegranate_049,pomegranate,96,14.7762,119.8017,6.2151,0.0633
4298,steamed_bun_053,steamed_bun,78,16.0735,99.4133,3.4460,0.0202
4550,thimble_009,thimble,49,116.4565,118.3107,17.8016,0.2623
196,banana_005,banana,83,171.3698,171.3698,13.1896,0.0183
2694,lotus_root_040,lotus_root,37,113.7405,166.9290,3.7052,0.0577
5316,yam_003,yam,91,175.7850,175.9517,3.6485,0.0438
2216,handbag_044,handbag,109,167.5852,175.9806,11.4583,0.0084
2881,mooncake_018,mooncake,56,7.5710,141.7360,7.6568,0.0933
4821,toy_boat_056,toy_boat,76,149.6300,149.6300,45.2867,0.0293
3059,ornaments_001,ornaments,101,9.9617,9.9617,7.5717,0.0183
3622,potato_014,potato,46,177.5538,177.5538,7.4145,0.0408
4534,teddy_bear_010,teddy_bear,96,78.7891,78.7891,57.5888,0.1337
3692,power_strip_032,power_strip,80,120.2570,120.2570,35.2017,0.0749
4499,teapot_009,teapot,119,26.7090,26.7090,2.2775,0.0245
3564,pomegranate_049,pomegranate,96,109.6049,110.0111,10.6728,0.0684
345,book_025,book,95,1.1647,178.9376,6.3410,0.0401
5138,waffle_023,waffle,37,6.2066,118.8772,19.4584,0.0319
133,backpack_032,backpack,73,145.4631,145.4631,23.7437,0.0173
1475,doll_007,doll,76,124.1167,124.1167,8.0741,0.0126
4449,table_tennis_bat_003,table_tennis_bat,78,9.0675,176.9573,10.3101,0.0077
2259,haw_thorn_004,haw_thorn,48,1.9213,168.5542,3.0502,0.0483
3026,orange_011,orange,73,20.8698,26.2209,6.2623,0.0315
3180,pastry_022,pastry,61,172.1673,178.1087,12.1783,0.0145
203,banana_012,banana,73,165.3321,165.3321,24.6037,0.0257
946,carrot_012,carrot,110,39.6188,95.1677,4.7152,0.0465
345,book_025,book,95,17.8776,175.2129,2.5309,0.0265
1307,corn_008,corn,70,4.1592,25.7880,4.5559,0.0476
3083,oyster_020,oyster,66,169.3529,169.3529,5.8390,0.1364
269,biscuit_010,biscuit,56,173.0515,173.0515,17.0331,0.0820
39,apple_001,apple,56,134.1876,159.5267,14.1824,0.0387
362,bottle_050,bottle,70,68.5398,166.5003,23.4572,0.0394
4352,sushi_004,sushi,90,5.8992,5.8992,4.9503,0.0156
3495,pizza_027,pizza,71,6.6308,21.1143,3.3303,0.0591
3843,remote_control_030,remote_control,69,6.5895,6.5895,11.6111,0.0516
2863,monitor_004,monitor,86,44.8671,44.8671,3.2722,0.0497
4944,toy_motorcycle_039,toy_motorcycle,85,91.7704,91.7704,36.7270,0.0392
2668,lotus_root_012,lotus_root,66,169.8539,169.9036,8.8132,0.0345
1485,doll_017,doll,45,156.5199,156.5199,15.9708,0.0411
1831,fan_005,fan,64,173.9120,173.9120,51.4239,0.0988
4409,sweet_potato_019,sweet_potato,79,4.9989,109.3140,0.8435,0.0194
2351,hot_dog_084,hot_dog,59,66.3044,66.3044,5.2404,0.0679
1139,chinese_chess_001,chinese_chess,43,12.5436,92.8473,51.7798,0.0751
4431,table_013,table,93,68.7255,68.7255,17.0311,0.0487
3343,pillow_011,pillow,126,19.1905,176.3208,51.1444,0.0227
1947,glasses_case_001,glasses_case,105,179.1614,179.1616,5.4714,0.0222
362,bottle_050,bottle,70,2.6687,142.5564,1.1318,0.0148
1475,doll_007,doll,76,152.4691,152.4691,6.4221,0.0275
2247,hat_022,hat,57,27.0786,27.0786,4.7522,0.0205
5299,whistle_011,whistle,51,168.9649,168.9649,22.2747,0.0210
2148,hammer_015,hammer,81,175.3327,175.3327,18.0220,0.0283
4420,sweet_potato_030,sweet_potato,82,16.4266,63.0863,13.0720,0.0316
650,broccoli_003,broccoli,63,109.0285,141.2714,8.9739,0.0632
3245,peanut_031,peanut,67,64.0338,172.0852,5.9863,0.0191
4359,sushi_011,sushi,103,107.2909,107.2909,6.2375,0.0684
3902,rubik_cube_043,rubik_cube,94,77.8012,77.8012,3.9200,0.0428
2525,lemon_013,lemon,49,4.0094,114.2315,1.2127,0.0126
469,boxed_beverage_006,boxed_beverage,91,157.2859,172.7241,9.9376,0.0323
3355,pillow_027,pillow,97,26.4623,171.8901,11.3162,0.0282
4550,thimble_009,thimble,49,10.2465,120.5023,3.7631,0.0328
1889,flute_001,flute,91,132.8552,132.8552,8.5579,0.0692
2333,hot_dog_066,hot_dog,55,35.0840,35.0840,3.4472,0.0036
4670,tooth_brush_011,tooth_brush,85,26.9196,26.9196,6.2698,0.0693
4506,teapot_016,teapot,108,31.9632,31.9632,10.6796,0.0390
1873,flower_pot_007,flower_pot,91,37.5894,37.5894,7.7712,0.0513
1540,doll_073,doll,23,115.7849,115.7849,14.8351,0.1691
3495,pizza_027,pizza,71,19.1296,22.1583,17.9238,0.0164
2667,lotus_root_011,lotus_root,80,3.5800,162.7591,2.0612,0.0145
2071,hamburger_007,hamburger,66,4.3851,61.0557,5.2922,0.0173
453,box_070,box,73,73.7812,166.1465,12.2242,0.0378
1307,corn_008,corn,70,120.2652,121.1192,24.3087,0.1381
3180,pastry_022,pastry,61,35.0955,104.4569,1.9168,0.0186
3086,oyster_023,oyster,101,13.6477,13.6477,8.0673,0.0194
34,antique_017,antique,93,31.4448,31.4448,2.3844,0.0712
742,bucket_noodle_011,bucket_noodle,113,2.1632,131.8529,0.9770,0.0084
1204,clock_024,clock,73,28.4144,28.4144,4.5718,0.0088
2703,magnet_004,magnet,30,172.8242,173.5420,6.1153,0.1214
3540,pomegranate_025,pomegranate,57,80.4579,94.1325,9.5410,0.0183
752,bucket_noodle_022,bucket_noodle,76,4.2439,92.2720,25.7519,0.0206
2168,hand_cream_012,hand_cream,39,48.7991,48.7991,12.4252,0.0445
2503,laptop_004,laptop,107,144.4203,144.4203,12.2352,0.0349
4271,steamed_bun_017,steamed_bun,77,72.0074,130.7408,22.7831,0.0733
3488,pizza_020,pizza,56,176.3250,176.4108,8.6175,0.0606
502,bread_039,bread,76,53.6164,126.4642,8.4185,0.0607
453,box_070,box,73,5.1357,178.1982,3.6648,0.0549
2177,hand_cream_022,hand_cream,88,10.3367,10.3367,14.4274,0.0387
3692,power_strip_032,power_strip,80,147.9424,147.9424,16.6059,0.0416
2313,helmet_011,helmet,104,41.0503,41.0503,8.3737,0.0590
1475,doll_007,doll,76,17.1011,17.1011,2.2607,0.0235
2970,mushroom_067,mushroom,81,72.7648,169.0503,16.5480,0.0293
2589,lipstick_008,lipstick,57,20.5002,174.5230,2.6331,0.0549
4352,sushi_004,sushi,90,112.7010,112.7010,5.2145,0.0057
767,bumbag_007,bumbag,104,7.7136,7.7136,6.2196,0.1065
1676,durian_021,durian,117,174.4220,174.4220,2.6476,0.0169
616,bread_180,bread,85,5.7158,178.8327,6.7831,0.0127
616,bread_180,bread,85,6.4742,175.2828,7.4286,0.0293
1139,chinese_chess_001,chinese_chess,43,163.5103,163.8748,2.9418,0.0826
269,biscuit_010,biscuit,56,6.2419,6.2419,2.4360,0.0228
1831,fan_005,fan,64,66.8826,66.8826,6.3771,0.0436
4409,sweet_potato_019,sweet_potato,79,23.9926,136.5740,19.1428,0.0213
4379,sushi_031,sushi,52,59.5456,59.5456,6.9240,0.0220
4990,toy_train_005,toy_train,63,7.5748,7.5748,4.2562,0.0349
1992,green_bean_cake_013,green_bean_cake,56,73.5197,106.6786,0.3552,0.0430
3245,peanut_031,peanut,67,79.7619,179.6352,7.4752,0.0256
183,bamboo_shoots_029,bamboo_shoots,104,12.4287,25.8305,10.4277,0.0175
4449,table_tennis_bat_003,table_tennis_bat,78,17.6867,17.6867,1.4762,0.0464
2503,laptop_004,laptop,107,11.8915,11.8915,4.4575,0.0451
2137,hammer_003,hammer,64,78.3426,78.3426,19.3392,0.0499
4100,shrimp_003,shrimp,64,74.0461,74.0461,4.3680,0.0786
3383,pineapple_013,pineapple,128,6.1647,18.8201,7.1831,0.0262
584,bread_148,bread,100,138.9256,172.6067,3.2277,0.0223
2636,longan_018,longan,40,100.2231,111.7714,8.2577,0.0967
1192,clock_011,clock,90,108.9243,108.9243,7.6598,0.0310
1062,chess_022,chess,50,17.7781,88.3800,7.4003,0.0490
1739,egg_036,egg,49,14.6290,35.3032,2.2052,0.0178
838,cake_008,cake,58,147.9771,147.9771,19.4930,0.0395
1363,cup_001,cup,60,177.0869,177.0869,18.3359,0.0293
2197,handbag_024,handbag,151,8.1873,178.2600,2.9555,0.0086
5352,zongzi_005,zongzi,53,32.3963,32.3963,2.5191,0.0328
253,belt_019,belt,82,88.7159,88.7159,32.7246,0.0436
4096,shoe_037,shoe,91,21.2655,21.2655,1.7393,0.0246
5238,watch_011,watch,49,132.3063,132.3063,15.2315,0.0264
203,banana_012,banana,73,172.9876,172.9876,1.9448,0.0168
2037,hair_dryer_037,hair_dryer,73,61.5267,61.5267,11.7948,0.0254
2636,longan_018,longan,40,88.9051,168.1540,1.6124,0.0470
1485,doll_017,doll,45,16.1153,16.1153,15.8176,0.0672
4904,toy_car_012,toy_car,69,106.7096,106.7096,7.7601,0.0187
85,apple_051,apple,68,175.7226,179.9315,2.4312,0.0118
418,box_035,box,93,93.3987,93.3987,4.2083,0.0369
2168,hand_cream_012,hand_cream,39,31.7364,148.2992,0.2803,0.0159
4056,shaomai_015,shaomai,27,5.4733,71.8542,9.9933,0.0233
1164,chocolate_013,chocolate,45,46.8272,46.8272,4.8896,0.0278
2614,litchi_025,litchi,25,7.5017,173.2444,0.6557,0.0231
2776,mangosteen_018,mangosteen,62,13.9489,52.1642,10.3468,0.0323
1896,frisbee_003,frisbee,108,2.2440,85.7482,2.2682,0.0109
3921,sandwich_021,sandwich,97,68.2914,73.6221,15.8238,0.0333
4449,table_tennis_bat_003,table_tennis_bat,78,6.2008,6.2008,1.7230,0.0257
3305,pie_005,pie,77,4.3554,74.7813,2.9900,0.0186
3512,plant_013,plant,57,16.0949,99.4819,11.9711,0.0853
3622,potato_014,potato,46,174.9904,174.9904,2.7125,0.0644
4499,teapot_009,teapot,119,166.4670,166.4670,2.2855,0.1265
4202,speaker_001,speaker,100,174.8751,174.8751,6.4379,0.0212
1587,drawing_002,drawing,152,18.0995,173.2882,10.2689,0.0554
626,bread_190,bread,102,12.8111,176.5851,4.6304,0.0236
4570,timer_007,timer,76,21.2144,21.2145,4.7846,0.0156
4391,sweet_potato_001,sweet_potato,57,62.3635,77.9211,6.0489,0.0351
4721,toy_animals_005,toy_animals,95,178.6606,178.6606,39.9164,0.0251
2073,hamburger_009,hamburger,88,11.4801,148.0709,1.9349,0.0380
812,burrito_006,burrito,88,178.3228,178.3228,2.1869,0.0303
1003,cheese_003,cheese,66,46.5639,47.8646,7.7074,0.0621
2886,mouse_003,mouse,90,19.4904,19.4904,12.4363,0.0430
269,biscuit_010,biscuit,56,53.2360,53.2360,5.9112,0.0325
4499,teapot_009,teapot,119,25.3937,25.3937,3.0095,0.0450
610,bread_174,bread,87,45.8993,45.8993,6.4855,0.0393
1965,glasses_case_019,glasses_case,90,17.9043,17.9043,6.8442,0.1251
3342,pillow_010,pillow,129,8.8416,174.2241,7.2772,0.0108
2852,microwaveoven_003,microwaveoven,81,119.1170,119.1170,14.1687,0.0243
4449,table_tennis_bat_003,table_tennis_bat,78,177.0426,177.6487,26.8864,0.0694
1896,frisbee_003,frisbee,108,2.7692,6.7286,2.2793,0.0479
4420,sweet_potato_030,sweet_potato,82,8.6119,133.6413,16.5346,0.0574
1192,clock_011,clock,90,175.7409,175.7409,0.9975,0.0299
1979,gloves_013,gloves,70,17.7228,17.7228,7.9726,0.0167
253,belt_019,belt,82,82.2995,177.9978,2.0936,0.0117
556,bread_109,bread,76,155.8458,155.8458,10.0386,0.0180
1245,coconut_005,coconut,95,74.1598,76.6355,3.8843,0.0461
695,brush_009,brush,68,171.6614,171.6614,51.6385,0.0661
3699,projector_004,projector,95,5.8321,5.8321,1.2338,0.0199
2838,medicine_bottle_053,medicine_bottle,60,9.3500,112.1853,21.2525,0.0440
5191,wallet_045,wallet,109,102.0196,102.0196,8.1526,0.0609
1896,frisbee_003,frisbee,108,4.9100,60.9557,5.1908,0.0156
1929,ginger_007,ginger,68,174.0099,174.0099,17.0154,0.0660
3412,pinecone_013,pinecone,64,68.0854,94.3118,5.0392,0.0567
4096,shoe_037,shoe,91,39.3026,39.3026,6.7831,0.0033
345,book_025,book,95,2.5953,179.4308,3.4622,0.0136
4074,shoe_015,shoe,101,16.4715,16.4715,11.5156,0.0240
85,apple_051,apple,68,4.5157,4.5157,2.7430,0.0080
502,bread_039,bread,76,7.9875,7.9875,5.1146,0.0309
1808,eraser_029,eraser,53,16.1890,163.9784,6.2923,0.0125
2886,mouse_003,mouse,90,9.0641,9.0641,19.0601,0.1199
3289,phone_shell_001,phone_shell,60,3.3022,3.3022,5.4741,0.0263
500,bread_037,bread,71,4.9498,177.5031,7.1132,0.0265
502,bread_039,bread,76,51.7307,130.4984,6.7192,0.0529
3011,onion_030,onion,65,24.9902,28.6806,9.1768,0.0612
1690,dustbin_005,dustbin,111,174.0552,174.0552,3.2197,0.0253
1527,doll_060,doll,75,115.8816,115.8816,24.9558,0.0169
1868,flower_pot_002,flower_pot,119,99.2253,99.2253,4.3794,0.0828
2152,hammer_019,hammer,89,178.8964,178.8964,16.2635,0.0176
4539,thermos_004,thermos,82,105.1615,105.1615,8.5197,0.0072
4478,tape_measure_012,tape_measure,71,66.1405,121.4819,11.4405,0.0943
182,bamboo_shoots_028,bamboo_shoots,93,68.7617,119.5853,10.2982,0.0888
2177,hand_cream_022,hand_cream,88,8.1983,8.1983,12.5917,0.0372
3512,plant_013,plant,57,39.2429,95.2640,4.6764,0.0509
1841,fire_extinguisher_001,fire_extinguisher,103,68.6419,68.6419,2.7256,0.0147
4161,soap_017,soap,51,71.7476,120.6403,15.2299,0.0978
2367,house_011,house,35,93.1926,93.1926,12.9570,0.0117
767,bumbag_007,bumbag,104,49.6153,49.6153,9.7855,0.0392
205,banana_014,banana,93,176.6505,176.6505,1.5018,0.0318
4857,toy_bus_029,toy_bus,79,36.0742,36.0742,1.4120,0.0522
1307,corn_008,corn,70,165.5356,165.7640,15.8283,0.0417
695,brush_009,brush,68,34.1605,34.1605,2.3391,0.0313
4345,suitcase_006,suitcase,104,94.2676,94.2676,2.4254,0.0483
1968,gloves_002,gloves,78,86.2908,86.2908,3.6276,0.0453
2863,monitor_004,monitor,86,178.5087,178.5085,49.0133,0.0435
2970,mushroom_067,mushroom,81,8.1646,157.4197,4.0782,0.0487
3011,onion_030,onion,65,8.4247,175.4866,12.8696,0.0369
2814,medicine_bottle_029,medicine_bottle,72,3.8627,98.9156,9.5388,0.0735
4352,sushi_004,sushi,90,64.0782,64.0782,4.4162,0.0425
2073,hamburger_009,hamburger,88,7.2370,164.1232,9.8938,0.0460
5243,water_chestnut_002,water_chestnut,37,89.7250,156.3680,10.8900,0.0443
3622,potato_014,potato,46,12.7290,12.7290,2.2881,0.0180
4034,shampoo_030,shampoo,85,2.1062,2.1062,11.2371,0.0134
1062,chess_022,chess,50,152.1680,159.4718,13.5427,0.0158
3692,power_strip_032,power_strip,80,60.4116,60.4116,18.7627,0.0546
469,boxed_beverage_006,boxed_beverage,91,7.3754,176.6200,6.7872,0.0236
1367,cup_005,cup,54,7.4936,7.4936,6.6699,0.0329
4409,sweet_potato_019,sweet_potato,79,3.1711,131.8406,2.1420,0.0206
39,apple_001,apple,56,173.2143,178.6328,9.7316,0.0424
1462,dish_012,dish,54,30.1394,152.0590,19.0809,0.1143
1942,glasses_001,glasses,80,89.1300,89.1300,56.5194,0.0553
823,burrito_017,burrito,84,5.2677,7.3250,4.9117,0.0711
4701,tooth_paste_015,tooth_paste,84,11.7549,171.1759,9.1770,0.0281
2164,hand_cream_008,hand_cream,64,19.5164,179.7120,5.9828,0.0257
824,cabinet_001,cabinet,98,50.0976,50.0976,1.6932,0.0055
650,broccoli_003,broccoli,63,30.5631,170.6045,10.0113,0.0195
3291,picnic_basket_002,picnic_basket,106,11.1126,173.0611,15.2890,0.0096
423,box_040,box,89,32.7705,170.8951,5.1917,0.0055
3512,plant_013,plant,57,12.3032,119.9171,1.8974,0.0600
4359,sushi_011,sushi,103,99.7579,99.7579,14.7503,0.0557
4202,speaker_001,speaker,100,178.1167,178.1167,2.2010,0.0156
1003,cheese_003,cheese,66,7.3092,7.3092,14.4409,0.0330
2507,laundry_detergent_004,laundry_detergent,91,70.0556,70.0556,14.8235,0.0284
1192,clock_011,clock,90,23.8474,23.8474,2.8199,0.0578
2343,hot_dog_076,hot_dog,116,111.2003,133.2504,18.3406,0.0365
2886,mouse_003,mouse,90,35.6019,35.6019,4.2126,0.0565
610,bread_174,bread,87,24.2683,24.2683,4.6127,0.0235
1841,fire_extinguisher_001,fire_extinguisher,103,156.2243,156.2243,79.2229,0.0071
2636,longan_018,longan,40,67.2265,75.3344,6.2503,0.0136
4074,shoe_015,shoe,101,168.3877,168.3877,3.7709,0.0203
559,bread_115,bread,61,158.1919,158.1919,20.7033,0.0889
2037,hair_dryer_037,hair_dryer,73,79.7873,79.7873,11.9849,0.0444
946,carrot_012,carrot,110,5.2085,112.0896,5.7153,0.0289
4252,starfish_007,starfish,109,8.1580,8.1580,0.7280,0.0184
1294,conch_025,conch,46,131.0881,131.0881,2.1449,0.0236
3650,potato_043,potato,75,58.6664,58.6664,5.0734,0.0302
823,burrito_017,burrito,84,8.1549,176.1664,3.9716,0.0420
502,bread_039,bread,76,33.7299,147.7323,4.4820,0.0248
1808,eraser_029,eraser,53,17.9886,162.6070,1.9050,0.0374
4240,squash_031,squash,83,4.1511,92.8565,7.7653,0.0087
3355,pillow_027,pillow,97,6.8427,173.2737,4.5667,0.0301
1220,clock_040,clock,120,41.7908,41.7908,1.8394,0.0280
4197,spanner_002,spanner,67,4.3481,4.3481,1.5905,0.0065
4074,shoe_015,shoe,101,18.8628,18.8628,1.7335,0.0240
153,ball_024,ball,57,165.7298,165.7298,14.8932,0.0244
808,burrito_002,burrito,102,30.4315,173.2902,33.0006,0.0162
4499,teapot_009,teapot,119,10.0857,10.0858,6.1705,0.0512
1630,dumbbell_015,dumbbell,51,30.6653,179.0904,1.8827,0.0392
1310,corn_011,corn,46,5.2787,46.5162,19.9904,0.0107
4263,starfish_018,starfish,81,121.4685,121.4685,25.5564,0.0295
4202,speaker_001,speaker,100,8.9769,8.9769,4.7714,0.0978
852,cake_022,cake,91,80.9585,80.9585,10.7578,0.0663
4721,toy_animals_005,toy_animals,95,48.4276,48.4277,1.1050,0.0229
4799,toy_boat_025,toy_boat,57,21.7664,21.7664,5.4323,0.0256
4939,toy_motorcycle_034,toy_motorcycle,99,12.5528,12.5528,0.7389,0.0326
4431,table_013,table,93,147.2463,147.2463,41.3680,0.0441
540,bread_090,bread,78,9.6888,9.6888,13.5140,0.0079
2120,hami_melon_004,hami_melon,76,56.3353,79.7769,6.2451,0.0199
745,bucket_noodle_014,bucket_noodle,71,2.8059,108.2069,4.9822,0.0415
1219,clock_039,clock,91,12.3882,12.3882,9.0214,0.0120
4409,sweet_potato_019,sweet_potato,79,3.9423,149.0769,2.2184,0.0425
3913,sandwich_013,sandwich,70,178.0947,178.2403,1.9994,0.1351
3134,pan_003,pan,128,17.6042,17.6042,13.1202,0.0210
3080,oyster_017,oyster,64,21.4507,21.4507,4.5187,0.0098
362,bottle_050,bottle,70,3.4689,20.1766,6.0485,0.0113
3257,pear_012,pear,53,164.0754,168.3586,2.0265,0.0108
3026,orange_011,orange,73,52.3778,78.6598,27.2066,0.0142
1587,drawing_002,drawing,152,40.7569,149.2029,32.7889,0.0421
458,box_075,box,101,3.4882,178.0868,2.7712,0.0192
1690,dustbin_005,dustbin,111,132.2076,132.2076,4.8697,0.0166
3378,pineapple_008,pineapple,86,11.1706,76.1886,6.7213,0.0368
1992,green_bean_cake_013,green_bean_cake,56,83.7447,177.2263,25.1686,0.1247
4362,sushi_014,sushi,61,83.1734,83.1734,8.1646,0.0239
1527,doll_060,doll,75,90.7420,90.7420,28.6315,0.0075
2667,lotus_root_011,lotus_root,80,3.1197,5.3309,0.7497,0.0161
2507,laundry_detergent_004,laundry_detergent,91,7.7474,7.7474,2.3077,0.0238
4649,tomato_020,tomato,49,16.0835,102.5333,6.1829,0.0719
3257,pear_012,pear,53,6.9479,143.3092,1.6956,0.0220
4138,shrimp_041,shrimp,61,16.7773,16.7773,5.8433,0.0270
1676,durian_021,durian,117,174.2987,174.2987,2.6090,0.0151
2197,handbag_024,handbag,151,79.6838,173.9385,4.7353,0.0224
3257,pear_012,pear,53,42.7761,84.8027,5.1108,0.0296
4352,sushi_004,sushi,90,20.3343,20.3343,4.2234,0.0265
1841,fire_extinguisher_001,fire_extinguisher,103,169.1415,169.1415,55.7223,0.0164
2137,hammer_003,hammer,64,167.5731,167.5731,0.8769,0.0738
4449,table_tennis_bat_003,table_tennis_bat,78,14.7467,14.7467,14.7126,0.0167
2367,house_011,house,35,23.8564,23.8564,0.6951,0.0611
1739,egg_036,egg,49,24.1144,108.7055,3.7595,0.0141
1808,eraser_029,eraser,53,78.5583,174.7970,10.7496,0.0577
2776,mangosteen_018,mangosteen,62,32.5133,147.8534,0.6491,0.0353
584,bread_148,bread,100,118.8341,176.8726,7.4904,0.0112
3291,picnic_basket_002,picnic_basket,106,20.7949,20.7949,3.8879,0.0153
345,book_025,book,95,74.1266,105.9193,2.0199,0.0199
610,bread_174,bread,87,101.5615,101.5615,8.1201,0.0490
610,bread_174,bread,87,18.5813,18.5813,1.7847,0.0321
1204,clock_024,clock,73,124.8951,124.8951,6.8396,0.0197
5138,waffle_023,waffle,37,5.5905,84.5006,10.8922,0.1005
2367,house_011,house,35,171.5638,171.5638,1.2387,0.0939
1831,fan_005,fan,64,81.8173,81.8173,2.4124,0.0367
2197,handbag_024,handbag,151,5.3424,178.9332,13.5823,0.0290
4241,squash_032,squash,87,160.7065,163.0384,2.0606,0.0185
1904,garage_kit_004,garage_kit,69,165.7379,165.7379,8.5428,0.0374
581,bread_145,bread,71,127.1195,175.5345,18.6849,0.0230
221,banana_039,banana,35,68.8794,68.8794,12.5885,0.0174
3080,oyster_017,oyster,64,28.3999,28.3999,10.9423,0.0175
1552,doll_085,doll,133,99.3712,99.3712,25.7690,0.0171
5332,yam_020,yam,96,26.3474,41.1304,18.0047,0.0187
4611,tissue_030,tissue,74,128.2003,128.2003,15.9928,0.0251
2589,lipstick_008,lipstick,57,7.7397,8.4921,13.5578,0.0310
3080,oyster_017,oyster,64,168.2476,168.2476,14.3066,0.0408
2420,kettle_003,kettle,77,130.0813,130.0813,19.2071,0.0294
3059,ornaments_001,ornaments,101,165.9261,165.9261,10.2984,0.0651
4034,shampoo_030,shampoo,85,9.5756,173.3785,2.4824,0.0152
5082,umbrella_002,umbrella,116,3.8678,127.9795,4.7349,0.0605
808,burrito_002,burrito,102,41.3010,141.2769,8.5038,0.0247
1892,fork_002,fork,66,151.4949,151.4949,23.7007,0.0776
3564,pomegranate_049,pomegranate,96,89.7401,119.1908,29.0434,0.0920
350,bottle_032,bottle,73,8.2636,42.6464,11.9904,0.0407
3134,pan_003,pan,128,71.0713,71.0713,1.8725,0.0262
5227,walnut_030,walnut,47,132.9075,132.9075,26.7251,0.2263
4729,toy_animals_013,toy_animals,137,24.1913,24.1913,6.2610,0.0596
3644,potato_036,potato,63,105.8205,105.8205,10.8142,0.0188
511,bread_048,bread,68,30.4680,30.4680,3.8454,0.0483
5058,toy_truck_035,toy_truck,100,18.4402,18.4402,3.1078,0.0202
1593,drawing_008,drawing,115,67.2519,67.2519,12.7084,0.0404
1495,doll_028,doll,80,148.4017,148.4017,6.7147,0.0113
1690,dustbin_005,dustbin,111,179.0780,179.0780,8.1598,0.0235
196,banana_005,banana,83,107.2944,107.2944,6.0441,0.0359
2614,litchi_025,litchi,25,11.9299,162.4681,6.1840,0.0962
4100,shrimp_003,shrimp,64,26.8063,26.8063,4.5178,0.0932
4773,toy_animals_057,toy_animals,52,10.0346,10.0346,9.9890,0.0524
3802,red_wine_glass_010,red_wine_glass,81,1.8862,1.8862,4.3457,0.0552
2088,hamburger_026,hamburger,95,156.7357,159.2359,6.4541,0.0198
1192,clock_011,clock,90,163.2381,163.2381,2.5273,0.0239
1524,doll_057,doll,51,15.6947,15.6947,5.6318,0.0326
2431,keyboard_002,keyboard,133,4.2458,4.2458,19.2890,0.0391
4499,teapot_009,teapot,119,26.1366,26.1366,29.9329,0.0518
1470,doll_002,doll,133,164.6595,164.6595,11.9750,0.0427
2029,hair_dryer_029,hair_dryer,114,166.9519,166.9519,5.2748,0.0370
2088,hamburger_026,hamburger,95,9.8686,58.5474,8.9989,0.0651
1192,clock_011,clock,90,17.8597,17.8597,3.1670,0.0168
3781,red_jujube_007,red_jujube,71,40.3926,178.9907,10.5345,0.0837
3257,pear_012,pear,53,18.1144,110.6222,3.4711,0.0150
2413,joystick_001,joystick,81,18.4776,18.4776,3.9807,0.0032
1277,conch_007,conch,44,76.6520,76.6520,5.3246,0.0260
913,candy_038,candy,66,17.1633,168.7093,26.7831,0.0364
211,banana_023,banana,63,178.8936,178.8936,39.2603,0.0139
1965,glasses_case_019,glasses_case,90,165.6321,165.6321,19.6316,0.0397
4539,thermos_004,thermos,82,18.2509,18.2509,6.3891,0.0281
196,banana_005,banana,83,18.4962,18.4962,2.9421,0.0875
1483,doll_015,doll,55,18.3898,18.3898,2.3202,0.0324
1367,cup_005,cup,54,50.2618,50.2618,2.2693,0.0208
3512,plant_013,plant,57,9.5265,175.0894,9.0658,0.0661
2177,hand_cream_022,hand_cream,88,16.7415,16.7415,8.3170,0.1116
808,burrito_002,burrito,102,3.4004,177.8354,4.0563,0.0166
1485,doll_017,doll,45,14.9704,14.9704,3.2839,0.0143
2247,hat_022,hat,57,75.7291,75.7291,1.4041,0.0235
3144,pancake_009,pancake,70,6.9173,152.0004,2.3630,0.0273
1129,china_001,china,90,164.8215,164.8215,6.1564,0.0823
3913,sandwich_013,sandwich,70,8.4863,113.3609,14.9059,0.0747
610,bread_174,bread,87,66.0963,66.0963,4.1303,0.0375
4197,spanner_002,spanner,67,8.9301,8.9301,2.4729,0.0269
423,box_040,box,89,75.1754,119.9804,13.7478,0.1086
1873,flower_pot_007,flower_pot,91,20.9494,20.9494,1.8071,0.0587
1204,clock_024,clock,73,83.6239,83.6239,13.4787,0.0360
4359,sushi_011,sushi,103,86.1003,86.1003,46.5850,0.0836
2322,hot_dog_053,hot_dog,91,89.0698,93.8653,23.9341,0.0208
4074,shoe_015,shoe,101,12.0968,12.0968,4.9829,0.0135
3866,ricecooker_003,ricecooker,97,116.9514,116.9514,33.9461,0.0162
3109,package_013,package,76,19.1372,19.1372,3.9006,0.0513
4611,tissue_030,tissue,74,29.2437,29.2437,3.5246,0.0070
2175,hand_cream_020,hand_cream,78,7.2228,174.9725,7.4430,0.0248
1904,garage_kit_004,garage_kit,69,31.8903,31.8903,8.6922,0.0036
5093,umbrella_013,umbrella,101,5.9360,97.0588,5.0649,0.0156
1427,dinosaur_010,dinosaur,107,76.1553,76.1553,10.5767,0.0159
5254,watermelon_012,watermelon,91,99.8379,99.8379,11.2776,0.0292
1305,corn_006,corn,67,4.0407,144.3212,5.1998,0.0374
626,bread_190,bread,102,111.0834,111.0834,1.2602,0.0381
2333,hot_dog_066,hot_dog,55,9.9555,174.9735,3.6311,0.0077
4359,sushi_011,sushi,103,8.3037,8.3037,13.0347,0.0563
3083,oyster_020,oyster,66,13.3311,13.3311,12.4489,0.0715
1469,doll_001,doll,94,9.2531,9.2530,4.6924,0.0214
1261,coconut_022,coconut,104,1.5239,145.1869,3.2105,0.0193
5332,yam_020,yam,96,172.1018,172.1353,9.0289,0.0235
4449,table_tennis_bat_003,table_tennis_bat,78,6.1413,178.4044,2.9614,0.0244
3342,pillow_010,pillow,129,16.6224,177.4570,8.4381,0.0183
3011,onion_030,onion,65,157.3845,178.3608,2.7649,0.0126
4161,soap_017,soap,51,6.3280,175.3078,6.2443,0.0140
405,box_020,box,111,4.5392,4.5392,5.4345,0.0221
5146,waffle_031,waffle,69,11.1379,67.6822,0.9609,0.0313
1346,cucumber_017,cucumber,65,6.5312,61.4431,10.0729,0.0475
4409,sweet_potato_019,sweet_potato,79,131.3556,168.7926,4.2320,0.0415
3866,ricecooker_003,ricecooker,97,49.8623,49.8623,2.1286,0.0187
4345,suitcase_006,suitcase,104,127.0123,144.7983,55.9309,0.0475
650,broccoli_003,broccoli,63,10.2803,140.7184,4.7463,0.0353
2868,mooncake_005,mooncake,51,8.4704,87.5127,7.2144,0.0597
133,backpack_032,backpack,73,31.8781,31.8781,12.9985,0.0341
4499,teapot_009,teapot,119,25.0894,25.0894,19.7116,0.0862
4345,suitcase_006,suitcase,104,16.1082,16.1082,3.1607,0.0294
3506,plant_006,plant,106,12.6674,18.7931,2.1102,0.0418
4490,tape_measure_025,tape_measure,68,20.0753,20.0753,0.6016,0.0203
4570,timer_007,timer,76,154.5405,154.5405,11.1212,0.0177
2168,hand_cream_012,hand_cream,39,87.1687,92.8406,9.2291,0.0322
221,banana_039,banana,35,65.6631,65.6631,45.6913,0.0565
1968,gloves_002,gloves,78,33.9931,33.9931,1.1400,0.0229
718,brussels_sprout_004,brussels_sprout,45,64.0710,90.8499,18.3836,0.0141
4449,table_tennis_bat_003,table_tennis_bat,78,5.9265,177.1219,4.2179,0.0112
3080,oyster_017,oyster,64,33.1723,33.1723,10.8171,0.0250
3257,pear_012,pear,53,10.5439,91.5550,0.6480,0.0104
5130,waffle_015,waffle,70,12.7005,141.4229,23.5892,0.0558
875,candle_001,candle,75,57.4684,57.4684,13.6483,0.0560
3760,pumpkin_035,pumpkin,82,3.3286,86.8721,3.7120,0.0266
4034,shampoo_030,shampoo,85,120.9459,120.9459,33.3647,0.0273
4202,speaker_001,speaker,100,7.0934,7.0935,2.1993,0.0182
3846,rice_cake_003,rice_cake,52,168.6709,168.6709,9.9455,0.0985
742,bucket_noodle_011,bucket_noodle,113,4.4227,123.8823,4.0876,0.0343
418,box_035,box,93,56.9962,171.9573,3.1914,0.0257
2073,hamburger_009,hamburger,88,10.3485,65.9115,12.5937,0.0427
1527,doll_060,doll,75,22.6421,22.6421,7.5382,0.0108
1427,dinosaur_010,dinosaur,107,32.8946,32.8946,10.7814,0.0164
269,biscuit_010,biscuit,56,176.2837,176.2837,22.1939,0.0731
2177,hand_cream_022,hand_cream,88,1.9508,1.9508,0.6620,0.0200
2239,hat_013,hat,100,44.5470,44.5470,6.2554,0.0186
1485,doll_017,doll,45,15.5403,15.5403,2.7090,0.0808
4489,tape_measure_024,tape_measure,79,7.3421,7.3421,10.2578,0.0328
875,candle_001,candle,75,85.9677,85.9677,0.7384,0.0300
1307,corn_008,corn,70,4.8966,15.3793,16.2866,0.0172
5188,wallet_042,wallet,101,175.7459,175.7460,2.2960,0.0182
334,book_011,book,107,12.8814,176.6408,3.6104,0.0294
2333,hot_dog_066,hot_dog,55,44.0029,145.5945,51.6874,0.1138
1129,china_001,china,90,50.9955,50.9955,7.2960,0.0332
1307,corn_008,corn,70,27.2070,27.6415,20.5068,0.0399
2682,lotus_root_026,lotus_root,84,80.6459,150.1165,29.5652,0.1136
1098,chili_003,chili,67,123.2997,133.8791,22.7443,0.0360
3134,pan_003,pan,128,146.2330,146.2330,11.4916,0.0285
418,box_035,box,93,77.2025,77.2025,18.2841,0.0922
253,belt_019,belt,82,5.1387,175.2850,4.6215,0.0751
767,bumbag_007,bumbag,104,11.3453,176.0308,4.8690,0.0424
4587,tissue_002,tissue,65,158.0121,174.0781,2.7120,0.0456
933,canned_beverage_001,canned_beverage,98,4.1795,92.9633,9.5799,0.0296
4420,sweet_potato_030,sweet_potato,82,0.5706,30.5095,0.9351,0.0253
4699,tooth_paste_013,tooth_paste,96,5.5143,5.5143,9.4815,0.0455
4286,steamed_bun_041,steamed_bun,78,4.2443,178.0042,10.9492,0.0425
3059,ornaments_001,ornaments,101,69.2846,69.2846,45.0738,0.0166
2211,handbag_039,handbag,85,37.8922,175.4140,2.9017,0.0230
4611,tissue_030,tissue,74,23.6455,23.6455,10.5884,0.0767
2177,hand_cream_022,hand_cream,88,72.8209,72.8209,33.9411,0.0383
946,carrot_012,carrot,110,5.7208,173.9222,9.0151,0.0148
4701,tooth_paste_015,tooth_paste,84,32.7911,172.2506,7.7535,0.0214
3343,pillow_011,pillow,126,8.5104,175.8991,4.1764,0.0280
2177,hand_cream_022,hand_cream,88,4.0415,177.2511,28.2540,0.0290
4286,steamed_bun_041,steamed_bun,78,1.8613,28.2179,6.1830,0.0677
1540,doll_073,doll,23,115.9830,115.9830,19.7137,0.1746
1739,egg_036,egg,49,16.2413,107.6592,4.2055,0.0101
1942,glasses_001,glasses,80,33.9718,33.9718,10.9409,0.0720
913,candy_038,candy,66,12.3395,12.3395,20.3298,0.0195
5260,watermelon_028,watermelon,81,105.9912,105.9912,19.4469,0.0626
4161,soap_017,soap,51,73.2992,169.4478,16.4060,0.0223
1294,conch_025,conch,46,155.7235,155.7235,2.7162,0.0190
4161,soap_017,soap,51,9.2416,174.1605,4.3598,0.0657
3355,pillow_027,pillow,97,19.5972,168.3773,3.3962,0.0168
465,boxed_beverage_002,boxed_beverage,86,14.6564,14.6564,1.6437,0.0262
1307,corn_008,corn,70,135.4534,135.5538,15.6624,0.0142
1219,clock_039,clock,91,179.1211,179.1211,8.9499,0.0170
695,brush_009,brush,68,22.1940,22.1940,5.9193,0.1029
4379,sushi_031,sushi,52,48.4057,48.4057,8.8551,0.0116
2682,lotus_root_026,lotus_root,84,9.5552,35.3310,1.0698,0.0310
3622,potato_014,potato,46,37.4435,37.4435,5.2609,0.0315
4074,shoe_015,shoe,101,13.2095,13.2096,9.5328,0.0497
2795,medicine_bottle_006,medicine_bottle,115,8.5785,177.4609,3.1878,0.0193
2414,kennel_001,kennel,95,103.0425,103.0425,17.3836,0.0253
4394,sweet_potato_004,sweet_potato,39,10.8392,157.7522,5.5950,0.0295
4528,teddy_bear_004,teddy_bear,94,24.7506,24.7506,7.5255,0.0415
2431,keyboard_002,keyboard,133,176.5347,176.5348,15.1347,0.0139
4352,sushi_004,sushi,90,33.3042,33.3042,3.1592,0.0121
2420,kettle_003,kettle,77,32.5774,32.5774,2.2190,0.0359
767,bumbag_007,bumbag,104,100.2590,176.7529,16.7435,0.0223
500,bread_037,bread,71,6.9450,6.9450,23.8001,0.0642
5146,waffle_031,waffle,69,14.5182,115.0544,5.5641,0.0121
4036,shampoo_032,shampoo,95,7.4000,7.4000,8.5996,0.0042
4313,strawberry_002,strawberry,53,67.3048,177.8015,4.9504,0.0173
1346,cucumber_017,cucumber,65,7.6132,115.5767,5.6628,0.0345
3650,potato_043,potato,75,171.0702,171.0702,3.0034,0.0330
1330,corn_032,corn,84,128.2072,130.1353,4.7471,0.0197
1873,flower_pot_007,flower_pot,91,24.5726,24.5726,1.3303,0.0215
3540,pomegranate_025,pomegranate,57,7.5562,64.9434,4.8195,0.0843
2216,handbag_044,handbag,109,26.8589,179.2295,7.3014,0.0200
1455,dish_005,dish,92,10.7665,48.3500,4.0700,0.0400
3134,pan_003,pan,128,81.2934,81.2934,6.4405,0.0557
4352,sushi_004,sushi,90,71.5053,71.5053,5.0624,0.0111
3355,pillow_027,pillow,97,1.4687,1.4687,5.1420,0.0121
3254,pear_009,pear,57,140.9669,163.9760,11.2592,0.0412
2351,hot_dog_084,hot_dog,59,10.5101,10.5101,2.0804,0.0173
2137,hammer_003,hammer,64,172.9177,172.9177,7.1532,0.0379
2525,lemon_013,lemon,49,2.9393,43.5145,3.3968,0.0229
4303,stool_003,stool,110,60.1532,60.1532,4.3650,0.0183
1192,clock_011,clock,90,86.1432,86.1432,0.5277,0.0291
3086,oyster_023,oyster,101,7.1208,7.1208,8.6247,0.0313
3083,oyster_020,oyster,66,135.1908,135.1908,4.8567,0.0496
540,bread_090,bread,78,58.9148,171.3609,2.3937,0.0212
5146,waffle_031,waffle,69,8.1400,28.3096,2.2701,0.0171
203,banana_012,banana,73,17.2299,17.2299,3.6665,0.0586
4263,starfish_018,starfish,81,20.4993,20.4993,9.1066,0.0358
5352,zongzi_005,zongzi,53,175.1999,175.1999,1.2372,0.0294
4721,toy_animals_005,toy_animals,95,24.4732,24.4732,1.5614,0.0423
2343,hot_dog_076,hot_dog,116,13.9057,13.9057,0.6505,0.0163
2525,lemon_013,lemon,49,166.9144,166.9159,1.5217,0.0196
3802,red_wine_glass_010,red_wine_glass,81,12.6149,106.3223,4.4325,0.0378
2868,mooncake_005,mooncake,51,14.5727,62.8783,13.6040,0.0515
3802,red_wine_glass_010,red_wine_glass,81,4.5798,106.3166,4.3087,0.0539
4100,shrimp_003,shrimp,64,176.3978,176.3978,13.1097,0.0683
345,book_025,book,95,13.7012,172.9972,4.4263,0.0122
1593,drawing_008,drawing,115,83.5437,83.5437,6.1841,0.0581
500,bread_037,bread,71,16.4229,16.4229,14.6699,0.0502
5138,waffle_023,waffle,37,7.2027,102.6250,6.0811,0.0850
1310,corn_011,corn,46,2.4583,104.3309,3.7345,0.0161
1524,doll_057,doll,51,6.0221,6.0221,3.6962,0.0671
5138,waffle_023,waffle,37,140.8220,160.1974,16.4328,0.0227
1129,china_001,china,90,75.4717,75.4717,12.9817,0.0389
203,banana_012,banana,73,115.7384,115.7384,5.0534,0.0276
196,banana_005,banana,83,65.1169,65.1169,7.7740,0.0350
4421,sword_bean_001,sword_bean,24,156.9782,157.1152,12.4707,0.3559
1542,doll_075,doll,50,177.7804,177.7804,1.7659,0.0154
4056,shaomai_015,shaomai,27,51.0337,179.2867,5.3735,0.0407
767,bumbag_007,bumbag,104,100.3369,100.3369,51.8365,0.0302
2109,hamburger_050,hamburger,96,2.9269,140.9007,3.2566,0.0117
1251,coconut_012,coconut,83,134.9155,158.3999,16.8959,0.1292
3802,red_wine_glass_010,red_wine_glass,81,3.1631,160.1614,4.9042,0.0424
3059,ornaments_001,ornaments,101,112.6788,112.6788,4.2081,0.0505
5332,yam_020,yam,96,38.1104,59.8426,14.6951,0.0329
3254,pear_009,pear,57,171.4943,174.2249,2.9525,0.0258
362,bottle_050,bottle,70,4.9481,56.5466,3.2917,0.0760
2367,house_011,house,35,61.6677,61.6677,25.2468,0.0552
458,box_075,box,101,7.5412,173.1965,3.7831,0.0144
2029,hair_dryer_029,hair_dryer,114,8.7510,8.7510,4.1408,0.0293
1690,dustbin_005,dustbin,111,100.0825,100.0825,17.2752,0.0408
3254,pear_009,pear,57,153.4525,155.2482,14.3078,0.0372
3650,potato_043,potato,75,172.6470,172.6470,1.2775,0.0257
4409,sweet_potato_019,sweet_potato,79,164.4383,170.4297,25.9890,0.0816
1026,cheese_030,cheese,83,70.0571,158.2709,12.9949,0.0321
343,book_022,book,71,44.6894,164.3989,22.0143,0.0736
4990,toy_train_005,toy_train,63,48.0840,48.0840,1.6477,0.0253
3378,pineapple_008,pineapple,86,11.1053,91.9197,7.0407,0.0270
2085,hamburger_021,hamburger,85,170.3616,171.5068,4.4336,0.0178
4359,sushi_011,sushi,103,154.2336,154.2336,17.8976,0.0431
3650,potato_043,potato,75,24.2124,24.2124,3.6165,0.0144
4539,thermos_004,thermos,82,165.1814,165.1814,15.1347,0.0296
418,box_035,box,93,22.1765,176.8115,4.2063,0.0014
767,bumbag_007,bumbag,104,113.3882,173.3153,6.4816,0.0234
4409,sweet_potato_019,sweet_potato,79,4.5292,78.4169,1.6826,0.0140
1504,doll_037,doll,72,116.9970,116.9970,29.3804,0.0444
3564,pomegranate_049,pomegranate,96,78.1963,127.8110,29.7668,0.0721
4539,thermos_004,thermos,82,13.5134,13.5134,13.0981,0.0447
1485,doll_017,doll,45,9.5619,9.5619,7.2719,0.0740
4539,thermos_004,thermos,82,169.6920,169.6920,4.3400,0.0244
2776,mangosteen_018,mangosteen,62,24.9398,132.1371,4.1646,0.0537
824,cabinet_001,cabinet,98,169.9803,169.9803,18.2701,0.0212
756,bucket_noodle_026,bucket_noodle,63,5.5503,142.2784,2.5643,0.0382
1739,egg_036,egg,49,54.2215,57.5361,7.2568,0.0538
3383,pineapple_013,pineapple,128,17.3651,127.7831,5.0059,0.0309
4701,tooth_paste_015,tooth_paste,84,14.4030,166.0349,11.9542,0.0249
4857,toy_bus_029,toy_bus,79,11.3769,11.3769,11.2068,0.0204
423,box_040,box,89,20.6818,20.6818,0.8691,0.0247
1462,dish_012,dish,54,12.6316,12.6316,20.0893,0.0375
1485,doll_017,doll,45,27.3517,27.3517,2.6906,0.0194
2694,lotus_root_040,lotus_root,37,9.4390,49.5619,1.5090,0.0320
1129,china_001,china,90,2.5481,2.5481,0.8469,0.0120
4303,stool_003,stool,110,159.6113,159.6113,10.9714,0.0192
1968,gloves_002,gloves,78,156.6534,156.6534,6.1488,0.0590
229,battery_002,battery,63,105.8575,124.8075,124.9216,0.0788
1945,glasses_004,glasses,113,177.1170,177.1170,2.7259,0.0301
4587,tissue_002,tissue,65,20.2330,20.2330,3.6360,0.0352
3622,potato_014,potato,46,25.2361,25.2361,1.9012,0.0296
2175,hand_cream_020,hand_cream,78,5.9322,174.3044,5.7193,0.0731
3011,onion_030,onion,65,152.9572,177.1448,17.6562,0.0303
3488,pizza_020,pizza,56,50.7587,58.8566,30.6603,0.0716
5115,vase_015,vase,70,5.1847,142.6279,6.5519,0.0447
4821,toy_boat_056,toy_boat,76,14.8663,14.8663,4.8433,0.0374
2216,handbag_044,handbag,109,86.2572,86.2572,5.1031,0.0197
3866,ricecooker_003,ricecooker,97,175.7549,175.7549,22.9001,0.0850
133,backpack_032,backpack,73,3.8395,3.8395,4.0931,0.0218
3506,plant_006,plant,106,118.3166,156.0297,10.4652,0.0190
4835,toy_bus_007,toy_bus,76,142.6873,142.6873,48.4864,0.0266
1753,egg_tart_001,egg_tart,58,23.8403,134.9835,0.9070,0.0571
3835,remote_control_022,remote_control,83,17.6591,17.6591,8.2619,0.0144
4303,stool_003,stool,110,48.7776,48.7777,2.4732,0.0196
2431,keyboard_002,keyboard,133,4.6686,4.6686,5.1658,0.0304
221,banana_039,banana,35,160.2927,160.2927,4.5705,0.0112
183,bamboo_shoots_029,bamboo_shoots,104,2.5692,5.7270,7.8456,0.0151
913,candy_038,candy,66,35.1526,174.9254,39.0669,0.0295
3913,sandwich_013,sandwich,70,177.8776,178.9967,3.9188,0.0274
1192,clock_011,clock,90,168.3432,168.3432,15.1595,0.0281
2247,hat_022,hat,57,8.5649,8.5649,13.7160,0.0717
4499,teapot_009,teapot,119,126.4497,126.4497,1.5480,0.0335
3305,pie_005,pie,77,12.1773,31.8573,9.9103,0.0251
2668,lotus_root_012,lotus_root,66,8.9991,42.1539,16.8837,0.0360
4539,thermos_004,thermos,82,39.5680,39.5680,15.4938,0.0820
465,boxed_beverage_002,boxed_beverage,86,3.5674,178.3687,3.8924,0.0068
5316,yam_003,yam,91,8.2366,161.7083,14.0962,0.0460
1896,frisbee_003,frisbee,108,4.0140,49.9719,3.0055,0.0490
1204,clock_024,clock,73,1.9937,1.9937,5.6209,0.0340
2088,hamburger_026,hamburger,95,12.2969,97.9053,1.0325,0.0192
2037,hair_dryer_037,hair_dryer,73,179.2237,179.2237,4.1737,0.0306
4409,sweet_potato_019,sweet_potato,79,8.2680,119.2403,9.2050,0.0167
205,banana_014,banana,93,24.6895,24.6895,5.7095,0.0111
4074,shoe_015,shoe,101,162.8603,162.8603,9.0923,0.0776
3843,remote_control_030,remote_control,69,177.8414,177.8414,5.4001,0.0279
3026,orange_011,orange,73,24.5907,168.5572,9.7264,0.0227
875,candle_001,candle,75,13.1980,13.1980,8.6658,0.0467
776,bun_007,bun,83,21.3052,33.8089,29.9578,0.0302
458,box_075,box,101,5.5998,5.5998,14.8144,0.0300
1217,clock_037,clock,72,70.6405,70.6405,9.7857,0.0133
752,bucket_noodle_022,bucket_noodle,76,4.2598,87.9319,0.8867,0.0028
584,bread_148,bread,100,15.9573,15.9573,9.8459,0.0325
4570,timer_007,timer,76,137.3604,137.3604,4.5320,0.0330
1495,doll_028,doll,80,129.5801,129.5801,2.1310,0.0479
742,bucket_noodle_011,bucket_noodle,113,23.8422,169.5709,41.9914,0.0230
2164,hand_cream_008,hand_cream,64,73.0482,107.4005,2.7720,0.0524
1429,dinosaur_012,dinosaur,99,66.6438,66.6438,6.3055,0.0456
973,cauliflower_002,cauliflower,91,63.1698,75.1122,22.8733,0.1026
3699,projector_004,projector,95,179.9802,179.9802,12.7035,0.0245
3781,red_jujube_007,red_jujube,71,7.6789,174.1578,6.6462,0.0773
3343,pillow_011,pillow,126,20.6295,20.6295,171.3532,0.0257
1896,frisbee_003,frisbee,108,1.4653,43.9997,1.8741,0.0200
345,book_025,book,95,4.6730,176.8898,3.1208,0.0444
458,box_075,box,101,78.4789,151.0608,5.8296,0.0379
1739,egg_036,egg,49,19.2889,125.4321,9.0534,0.0268
3913,sandwich_013,sandwich,70,5.9046,166.1733,7.0901,0.0257
1192,clock_011,clock,90,58.8345,58.8345,52.4392,0.0500
1139,chinese_chess_001,chinese_chess,43,7.8568,130.4486,4.6695,0.1208
203,banana_012,banana,73,92.4384,92.4384,4.4903,0.0290
2029,hair_dryer_029,hair_dryer,114,144.8767,144.8767,37.1314,0.0698
3011,onion_030,onion,65,56.7871,149.7017,1.8350,0.0078
2073,hamburger_009,hamburger,88,14.4998,119.5296,1.9164,0.0244
1192,clock_011,clock,90,178.7603,178.7601,2.4877,0.0434
232,beauty_blender_002,beauty_blender,79,86.4487,86.4487,7.2692,0.0211
2247,hat_022,hat,57,30.4144,30.4144,5.9010,0.0714
4286,steamed_bun_041,steamed_bun,78,12.9604,103.2086,25.3975,0.0390
4478,tape_measure_012,tape_measure,71,15.1221,15.1221,20.5653,0.0361
4409,sweet_potato_019,sweet_potato,79,7.0968,93.3997,2.4493,0.0078
345,book_025,book,95,84.3296,84.3296,14.4905,0.0207
1690,dustbin_005,dustbin,111,170.8895,170.8895,4.0609,0.0599
4034,shampoo_030,shampoo,85,5.8151,179.6396,2.4090,0.0130
610,bread_174,bread,87,62.3204,161.3164,2.0588,0.0217
1139,chinese_chess_001,chinese_chess,43,7.3059,38.3230,11.0997,0.1103
610,bread_174,bread,87,67.7928,67.7928,11.4575,0.0116
2029,hair_dryer_029,hair_dryer,114,178.0639,178.0639,1.0130,0.0258
3866,ricecooker_003,ricecooker,97,17.8167,17.8167,7.2537,0.0783
182,bamboo_shoots_028,bamboo_shoots,93,110.9511,111.0242,4.8148,0.0467
4298,steamed_bun_053,steamed_bun,78,8.6982,60.5328,2.0286,0.0273
1868,flower_pot_002,flower_pot,119,64.3348,64.3348,37.1252,0.0540
79,apple_045,apple,54,166.7037,166.7037,21.6802,0.0159
4161,soap_017,soap,51,40.4144,161.2174,7.5344,0.0087
4100,shrimp_003,shrimp,64,16.1138,16.1138,10.1534,0.0274
3289,phone_shell_001,phone_shell,60,4.9225,4.9225,4.3118,0.0164
1662,durian_007,durian,69,130.2746,130.2746,2.7438,0.0239
1192,clock_011,clock,90,169.1037,169.1037,8.1698,0.0461
1942,glasses_001,glasses,80,11.9118,11.9118,4.9708,0.0479
1965,glasses_case_019,glasses_case,90,103.2119,103.2119,10.1812,0.0396
742,bucket_noodle_011,bucket_noodle,113,3.0667,32.6984,3.1673,0.0192
5260,watermelon_028,watermelon,81,53.9860,53.9860,2.9077,0.0487
1305,corn_006,corn,67,5.0890,143.2400,3.3712,0.0233
350,bottle_032,bottle,73,2.3509,87.9663,5.5201,0.0147
4528,teddy_bear_004,teddy_bear,94,14.6982,14.6982,6.6447,0.0116
5260,watermelon_028,watermelon,81,18.6828,18.6828,0.9062,0.0271
4048,shaomai_007,shaomai,50,136.9330,177.1149,16.9106,0.0892
2029,hair_dryer_029,hair_dryer,114,22.3119,22.3119,3.2997,0.0297
1408,dice_007,dice,65,92.2915,126.9783,10.2230,0.0987
423,box_040,box,89,91.5193,165.6230,7.4587,0.0519
581,bread_145,bread,71,160.2309,160.2309,8.4640,0.0149
3866,ricecooker_003,ricecooker,97,168.1962,168.1962,8.4527,0.0184
4252,starfish_007,starfish,109,54.1977,54.1977,35.2781,0.0321
1363,cup_001,cup,60,17.3004,17.3004,5.2502,0.0358
343,book_022,book,71,4.6271,4.6271,3.7309,0.0512
2197,handbag_024,handbag,151,8.4601,175.8277,2.9633,0.0089
5138,waffle_023,waffle,37,7.5413,29.1870,6.7315,0.0274
1098,chili_003,chili,67,3.6813,85.9747,3.6653,0.0239
1277,conch_007,conch,44,36.2160,36.2160,2.5530,0.0405
2614,litchi_025,litchi,25,17.6658,142.4212,2.8347,0.0268
2525,lemon_013,lemon,49,177.2200,178.8177,0.8706,0.0213
4449,table_tennis_bat_003,table_tennis_bat,78,12.9795,179.5648,12.1060,0.0120
1889,flute_001,flute,91,91.9913,91.9913,29.1042,0.0602
4990,toy_train_005,toy_train,63,20.3582,20.3582,3.1277,0.0457
1176,chocolates_012,chocolates,43,43.2109,43.2109,24.1894,0.0748
1947,glasses_case_001,glasses_case,105,178.2193,178.2194,4.4807,0.0322
1176,chocolates_012,chocolates,43,55.1366,55.1366,15.5151,0.0618
2247,hat_022,hat,57,38.5569,38.5569,3.3491,0.0157
85,apple_051,apple,68,166.6559,171.7732,6.4896,0.0159
269,biscuit_010,biscuit,56,177.0887,177.0887,13.3975,0.0395
1552,doll_085,doll,133,157.7368,157.7368,6.1498,0.0236
913,candy_038,candy,66,56.9930,123.7425,2.2686,0.0634
2615,litchi_026,litchi,65,20.4471,174.9881,0.7335,0.0295
3080,oyster_017,oyster,64,56.9376,56.9376,2.2213,0.0265
3866,ricecooker_003,ricecooker,97,177.1176,177.1176,3.2695,0.0195
453,box_070,box,73,7.6390,177.0043,1.9431,0.0616
1904,garage_kit_004,garage_kit,69,22.7340,22.7340,5.3357,0.0026
2703,magnet_004,magnet,30,136.5808,157.1886,13.5102,0.0463
4414,sweet_potato_024,sweet_potato,68,28.8064,142.9375,2.6838,0.0199
1204,clock_024,clock,73,23.1849,23.1849,1.6925,0.0253
5299,whistle_011,whistle,51,25.9811,25.9811,3.8694,0.0154
3866,ricecooker_003,ricecooker,97,9.7832,9.7832,4.7090,0.0282
4570,timer_007,timer,76,145.2661,145.2661,3.9982,0.0443
343,book_022,book,71,57.6927,128.6886,25.0895,0.0731
2722,mango_019,mango,56,134.8076,151.8583,1.3060,0.0203
469,boxed_beverage_006,boxed_beverage,91,8.4209,8.4209,6.2659,0.0251
2313,helmet_011,helmet,104,148.5518,148.5518,130.5434,0.0289
559,bread_115,bread,61,16.6617,178.5382,10.9669,0.0185
4414,sweet_potato_024,sweet_potato,68,9.7666,130.3795,2.2491,0.0074
5254,watermelon_012,watermelon,91,46.6555,46.6555,3.7004,0.0117
3488,pizza_020,pizza,56,177.8463,177.9418,10.6072,0.0325
1176,chocolates_012,chocolates,43,169.0802,169.0802,14.0986,0.0978
1217,clock_037,clock,72,53.7353,53.7353,10.3892,0.0350
5344,yam_032,yam,86,123.5982,124.2714,50.3506,0.0378
2309,helmet_007,helmet,68,15.8668,15.8668,8.2290,0.0201
1462,dish_012,dish,54,46.3338,46.3338,4.8947,0.0300
1841,fire_extinguisher_001,fire_extinguisher,103,149.2833,149.2833,2.1323,0.0321
511,bread_048,bread,68,132.1180,132.1180,3.6027,0.0453
51,apple_014,apple,69,159.3789,164.3266,34.0351,0.0578
1192,clock_011,clock,90,101.9957,101.9957,5.8634,0.0376
4074,shoe_015,shoe,101,21.4107,21.4107,1.3484,0.0163
3305,pie_005,pie,77,9.9104,115.7328,1.4144,0.0211
2682,lotus_root_026,lotus_root,84,6.3287,7.4138,2.3491,0.0196
1217,clock_037,clock,72,31.9022,31.9022,0.6404,0.0215
1524,doll_057,doll,51,154.9930,154.9930,10.7783,0.0782
2795,medicine_bottle_006,medicine_bottle,115,5.0254,5.0254,2.0289,0.0331
1446,dinosaur_031,dinosaur,59,16.8658,16.8658,3.3814,0.0217
3488,pizza_020,pizza,56,38.2359,179.5219,47.3700,0.0628
2152,hammer_019,hammer,89,4.3054,4.3054,14.1798,0.0209
1221,clock_041,clock,88,16.8448,16.8448,21.9724,0.0462
1192,clock_011,clock,90,117.7206,117.7206,19.6846,0.0199
1462,dish_012,dish,54,65.5343,65.5343,10.7472,0.0364
5146,waffle_031,waffle,69,14.4935,143.8439,2.0912,0.0260
2589,lipstick_008,lipstick,57,156.8811,156.9491,10.4403,0.0281
4420,sweet_potato_030,sweet_potato,82,7.5096,49.7823,2.3008,0.0163
1446,dinosaur_031,dinosaur,59,70.5457,70.5457,7.7855,0.0428
2682,lotus_root_026,lotus_root,84,15.4385,158.3304,13.3202,0.0679
2239,hat_013,hat,100,156.2651,156.2651,24.3267,0.0162
4240,squash_031,squash,83,5.4660,172.2640,9.4693,0.0383
3080,oyster_017,oyster,64,147.9368,147.9368,7.8454,0.0297
616,bread_180,bread,85,15.6272,176.9729,6.5537,0.0713
4241,squash_032,squash,87,60.0395,77.9551,17.7709,0.0284
4449,table_tennis_bat_003,table_tennis_bat,78,8.9073,8.9073,9.5338,0.0434
2455,kite_010,kite,13,84.4072,116.1450,10.4241,0.1427
469,boxed_beverage_006,boxed_beverage,91,157.9349,178.3933,7.5678,0.0335
2615,litchi_026,litchi,65,115.2310,115.4322,21.6682,0.0454
2525,lemon_013,lemon,49,12.8852,41.4397,3.1281,0.0241
1251,coconut_012,coconut,83,3.0991,168.1405,1.7626,0.0072
4611,tissue_030,tissue,74,168.3452,168.3452,5.0896,0.0470
1176,chocolates_012,chocolates,43,8.5403,8.5404,3.3587,0.0189
610,bread_174,bread,87,59.7892,59.7892,4.5989,0.1009
2322,hot_dog_053,hot_dog,91,5.4757,5.4757,10.2614,0.0189
4611,tissue_030,tissue,74,176.5071,178.9125,2.6827,0.0315
2113,hamburger_054,hamburger,49,13.5002,101.0738,5.7228,0.0121
418,box_035,box,93,12.5092,169.6484,1.1046,0.0337
2401,insole_002,insole,66,170.0720,170.0720,5.7853,0.0314
1220,clock_040,clock,120,172.3564,172.3564,2.3399,0.0096
3495,pizza_027,pizza,71,162.4554,172.3794,36.2329,0.0188
4499,teapot_009,teapot,119,5.8435,5.8435,1.2261,0.0186
3843,remote_control_030,remote_control,69,5.3585,5.3585,7.9263,0.0278
4074,shoe_015,shoe,101,23.9854,23.9854,3.5480,0.0325
350,bottle_032,bottle,73,8.3981,91.3544,6.9836,0.0284
4202,speaker_001,speaker,100,4.2187,4.2187,0.7715,0.0559
2413,joystick_001,joystick,81,4.4454,4.4454,7.5046,0.0024
1485,doll_017,doll,45,19.7594,19.7594,9.6814,0.0738
4048,shaomai_007,shaomai,50,6.8085,63.2965,3.1872,0.0314
458,box_075,box,101,4.8230,177.3986,2.1518,0.0125
4352,sushi_004,sushi,90,55.1117,55.1117,1.5142,0.0234
1504,doll_037,doll,72,42.7832,42.7832,4.6575,0.0889
1542,doll_075,doll,50,36.6657,36.6657,2.5566,0.0141
3286,pen_004,pen,55,7.7473,117.3390,4.7473,0.1119
3262,pear_017,pear,93,4.5174,50.2912,4.4861,0.0432
3342,pillow_010,pillow,129,89.4479,89.4479,8.1410,0.0331
1690,dustbin_005,dustbin,111,23.4773,23.4773,16.0362,0.0565
1676,durian_021,durian,117,25.2215,25.2215,7.7373,0.0294
3835,remote_control_022,remote_control,83,16.9278,16.9278,5.0477,0.0566
1542,doll_075,doll,50,116.5304,116.5304,0.5789,0.0333
1310,corn_011,corn,46,0.4829,139.5251,33.7791,0.0247
1431,dinosaur_014,dinosaur,74,175.8494,175.8493,7.1437,0.0570
4352,sushi_004,sushi,90,42.1039,42.1039,9.5734,0.0194
4587,tissue_002,tissue,65,169.7395,169.7395,5.7500,0.0333
1408,dice_007,dice,65,91.5378,145.2457,3.6403,0.0136
3866,ricecooker_003,ricecooker,97,96.1333,96.1333,12.7068,0.0195
4202,speaker_001,speaker,100,9.9873,9.9873,6.3608,0.0304
4074,shoe_015,shoe,101,9.3639,9.3640,1.5762,0.0154
182,bamboo_shoots_028,bamboo_shoots,93,9.9325,98.2753,11.6397,0.0366
3622,potato_014,potato,46,173.4355,173.4355,32.0056,0.0761
1485,doll_017,doll,45,20.9859,20.9859,8.5929,0.0549
2216,handbag_044,handbag,109,161.4634,178.7053,69.2221,0.0255
5227,walnut_030,walnut,47,42.6274,42.6274,11.4151,0.1685
3650,potato_043,potato,75,85.2108,85.2108,2.7017,0.0126
540,bread_090,bread,78,125.9530,125.9530,16.2976,0.0321
1965,glasses_case_019,glasses_case,90,16.3437,16.3437,1.0250,0.0695
2420,kettle_003,kettle,77,161.4115,161.4115,1.7969,0.0160
933,canned_beverage_001,canned_beverage,98,9.1589,136.0650,0.6674,0.0131
1587,drawing_002,drawing,152,12.2471,12.2471,2.7509,0.0155
1204,clock_024,clock,73,102.2066,102.2066,8.9386,0.0110
405,box_020,box,111,3.3258,3.3258,1.9618,0.0174
4489,tape_measure_024,tape_measure,79,6.4591,6.4591,7.0442,0.0209
1979,gloves_013,gloves,70,15.2806,15.2806,9.0343,0.0211
2703,magnet_004,magnet,30,145.4203,152.4463,12.8895,0.1077
4499,teapot_009,teapot,119,8.2110,8.2110,3.0072,0.0373
2037,hair_dryer_037,hair_dryer,73,2.2498,2.2499,2.6892,0.0286
3902,rubik_cube_043,rubik_cube,94,100.8142,113.9728,19.6205,0.0492
3083,oyster_020,oyster,66,161.8807,161.8807,17.6196,0.0060
838,cake_008,cake,58,173.2861,173.2861,10.8804,0.0808
1979,gloves_013,gloves,70,168.5939,168.5939,5.8382,0.0576
3083,oyster_020,oyster,66,175.9740,175.9740,9.5888,0.0300
469,boxed_beverage_006,boxed_beverage,91,16.1958,173.4336,2.5527,0.0212
4409,sweet_potato_019,sweet_potato,79,5.6195,178.2744,4.5457,0.0065
752,bucket_noodle_022,bucket_noodle,76,6.8909,114.7849,7.7365,0.0170
2846,medicine_bottle_061,medicine_bottle,49,71.4580,85.6346,14.5036,0.0746
2211,handbag_039,handbag,85,3.2618,3.2618,2.1819,0.0264
2431,keyboard_002,keyboard,133,5.0243,5.0242,7.5515,0.0142
3488,pizza_020,pizza,56,10.6264,14.6841,7.0060,0.0260
1346,cucumber_017,cucumber,65,2.1458,99.8808,3.8433,0.0175
405,box_020,box,111,11.2493,170.7765,2.6657,0.0917
626,bread_190,bread,102,34.0589,162.9771,4.2786,0.0389
5260,watermelon_028,watermelon,81,131.0180,131.0180,15.1676,0.0179
1676,durian_021,durian,117,158.7167,158.7167,3.4602,0.0186
1965,glasses_case_019,glasses_case,90,10.7418,10.7418,7.5010,0.0292
1947,glasses_case_001,glasses_case,105,178.1607,178.1607,16.8548,0.0321
5254,watermelon_012,watermelon,91,19.6733,19.6733,10.2752,0.0467
4729,toy_animals_013,toy_animals,137,143.8544,143.8544,27.3842,0.0132
4539,thermos_004,thermos,82,23.5471,23.5471,1.3282,0.0153
253,belt_019,belt,82,12.3821,177.1818,3.0745,0.0430
4499,teapot_009,teapot,119,153.8793,153.8793,32.7878,0.0318
650,broccoli_003,broccoli,63,35.6046,100.0479,1.1233,0.0153
3355,pillow_027,pillow,97,13.1298,13.1298,12.1932,0.0326
1221,clock_041,clock,88,154.5295,154.5295,14.6030,0.0511
650,broccoli_003,broccoli,63,17.7010,35.7510,6.0456,0.0049
685,broccolini_009,broccolini,88,112.0861,112.0861,20.4788,0.0202
2109,hamburger_050,hamburger,96,7.9332,8.5781,8.0954,0.0238
196,banana_005,banana,83,16.2904,16.2903,2.1651,0.0317
44,apple_007,apple,95,49.4025,152.9444,58.4317,0.0795
718,brussels_sprout_004,brussels_sprout,45,40.3119,72.9519,13.7663,0.0505
1204,clock_024,clock,73,135.9317,135.9317,14.4194,0.0507
745,bucket_noodle_014,bucket_noodle,71,6.0872,45.6176,2.9667,0.0081
1363,cup_001,cup,60,22.4238,22.4238,6.0975,0.0123
650,broccoli_003,broccoli,63,65.7590,128.2442,37.8383,0.0649
1446,dinosaur_031,dinosaur,59,178.6928,178.6928,11.3567,0.0572
3866,ricecooker_003,ricecooker,97,146.9310,146.9310,34.5235,0.0194
2175,hand_cream_020,hand_cream,78,27.0710,27.0710,9.7946,0.0225
1831,fan_005,fan,64,13.5580,13.5580,1.9710,0.0246
5254,watermelon_012,watermelon,91,136.4504,136.4504,54.0695,0.1293
4391,sweet_potato_001,sweet_potato,57,127.1806,157.0422,25.4066,0.0232
4048,shaomai_007,shaomai,50,61.6225,87.5676,6.1427,0.0420
2168,hand_cream_012,hand_cream,39,162.9522,176.7811,5.1555,0.1244
1576,donut_028,donut,88,31.4749,31.4749,7.6178,0.0412
3289,phone_shell_001,phone_shell,60,37.8282,37.8282,13.9866,0.0173
4729,toy_animals_013,toy_animals,137,12.2016,12.2016,13.7885,0.0780
269,biscuit_010,biscuit,56,176.4514,176.4514,19.1020,0.0268
650,broccoli_003,broccoli,63,2.7718,68.8756,0.5632,0.0182
2525,lemon_013,lemon,49,20.3452,145.7097,10.5157,0.0128
1462,dish_012,dish,54,6.3350,176.4360,9.2828,0.0237
4506,teapot_016,teapot,108,47.7736,47.7736,12.5110,0.0533
3036,orange_021,orange,121,155.7614,176.4327,2.3675,0.0321
4391,sweet_potato_001,sweet_potato,57,3.7055,145.5643,1.6319,0.0217
4240,squash_031,squash,83,80.6882,128.5049,17.0393,0.0165
745,bucket_noodle_014,bucket_noodle,71,0.9354,130.5558,3.9774,0.0134
51,apple_014,apple,69,1.3803,45.5120,1.4416,0.0286
5188,wallet_042,wallet,101,177.5393,177.5393,7.1940,0.0656
5227,walnut_030,walnut,47,69.0602,69.0602,8.6178,0.0363
3516,plug_002,plug,80,72.9726,176.3330,8.6619,0.0407
2667,lotus_root_011,lotus_root,80,6.3669,168.3249,3.9765,0.0129
610,bread_174,bread,87,152.9470,176.7514,1.3520,0.0146
3866,ricecooker_003,ricecooker,97,111.9010,111.9010,19.8350,0.0186
5227,walnut_030,walnut,47,122.8264,122.8264,27.7161,0.1832
2298,haw_thorn_046,haw_thorn,37,140.8023,179.5047,8.9222,0.0205
453,box_070,box,73,24.7821,24.7821,9.2877,0.0173
4534,teddy_bear_010,teddy_bear,96,167.3636,167.3636,5.3890,0.0230
1192,clock_011,clock,90,22.1327,22.1327,9.1148,0.0212
4271,steamed_bun_017,steamed_bun,77,1.5400,174.7745,1.1077,0.0124
4359,sushi_011,sushi,103,89.7710,89.7710,1.5971,0.0119
1965,glasses_case_019,glasses_case,90,4.6276,4.6276,1.6915,0.0452
3488,pizza_020,pizza,56,174.8743,177.1813,1.1533,0.0598
4570,timer_007,timer,76,42.8035,42.8035,8.1729,0.0353
2120,hami_melon_004,hami_melon,76,29.6094,30.8571,1.3420,0.0253
1979,gloves_013,gloves,70,151.8630,151.8630,2.5196,0.0150
4670,tooth_brush_011,tooth_brush,85,5.4132,5.4132,6.4867,0.0134
350,bottle_032,bottle,73,2.8767,99.3860,7.3409,0.0428
4138,shrimp_041,shrimp,61,8.2903,8.2903,4.2283,0.0137
3866,ricecooker_003,ricecooker,97,89.8030,89.8030,5.2297,0.0288
4499,teapot_009,teapot,119,11.4385,11.4385,14.5908,0.0279
1219,clock_039,clock,91,80.9015,80.9015,6.3544,0.0171
823,burrito_017,burrito,84,2.5126,175.0100,6.4230,0.0149
4298,steamed_bun_053,steamed_bun,78,67.9350,139.8361,39.1203,0.0394
4509,teapot_019,teapot,64,21.9028,21.9028,9.1018,0.0473
2333,hot_dog_066,hot_dog,55,57.3657,57.3657,1.4802,0.0293
4240,squash_031,squash,83,6.7792,76.2854,23.4865,0.0816
1139,chinese_chess_001,chinese_chess,43,6.5031,116.5455,4.9657,0.0310
1690,dustbin_005,dustbin,111,178.8982,178.8982,14.0963,0.0328
2614,litchi_025,litchi,25,178.3086,178.3190,2.3289,0.0351
2431,keyboard_002,keyboard,133,11.0861,11.0861,27.1764,0.0509
2507,laundry_detergent_004,laundry_detergent,91,6.5941,6.5941,2.7367,0.0196
4990,toy_train_005,toy_train,63,13.4225,13.4225,10.2809,0.0394
1593,drawing_008,drawing,115,21.1059,21.1059,7.7765,0.0249
1427,dinosaur_010,dinosaur,107,161.7436,161.7436,6.8161,0.0428
695,brush_009,brush,68,136.8442,136.8442,13.9585,0.0240
4047,shaomai_006,shaomai,69,8.2210,106.2530,3.9440,0.0208
465,boxed_beverage_002,boxed_beverage,86,13.4643,171.5805,4.0852,0.0232
2060,hairpin_023,hairpin,39,145.1723,145.1723,2.8277,0.1232
1992,green_bean_cake_013,green_bean_cake,56,70.4018,109.9345,6.6156,0.0289
5082,umbrella_002,umbrella,116,19.4360,74.1571,7.9002,0.0445
1992,green_bean_cake_013,green_bean_cake,56,51.1467,178.7921,16.9776,0.0877
423,box_040,box,89,31.2824,178.8762,11.0494,0.1050
1593,drawing_008,drawing,115,8.8727,171.2202,3.2580,0.0465
767,bumbag_007,bumbag,104,13.8795,169.1651,21.8899,0.0452
2886,mouse_003,mouse,90,8.8603,8.8603,5.0995,0.0362
465,boxed_beverage_002,boxed_beverage,86,176.3098,178.4802,19.6561,0.0429
4240,squash_031,squash,83,3.3005,72.7097,1.4585,0.0058
3540,pomegranate_025,pomegranate,57,7.2141,44.3126,5.7697,0.0150
5299,whistle_011,whistle,51,32.0781,32.0781,4.0363,0.0343
4138,shrimp_041,shrimp,61,178.2904,178.2904,5.6239,0.0228
1965,glasses_case_019,glasses_case,90,169.7418,169.7418,13.1519,0.0379
3540,pomegranate_025,pomegranate,57,6.1163,54.1189,1.5777,0.0187
1164,chocolate_013,chocolate,45,86.8368,86.8368,46.8376,0.0200
3180,pastry_022,pastry,61,171.1332,171.4212,11.6615,0.0746
39,apple_001,apple,56,171.2453,173.3149,0.6644,0.0099
4699,tooth_paste_013,tooth_paste,96,129.4833,174.4983,2.2423,0.0401
4550,thimble_009,thimble,49,4.9807,144.0606,11.8548,0.0983
4241,squash_032,squash,87,8.2873,30.6459,5.7026,0.0192
1485,doll_017,doll,45,74.5652,74.5652,8.8882,0.0473
756,bucket_noodle_026,bucket_noodle,63,6.9195,68.2855,2.9436,0.0748
1929,ginger_007,ginger,68,172.1822,172.1822,8.1847,0.0083
4100,shrimp_003,shrimp,64,134.1064,134.1064,25.4128,0.1846
39,apple_001,apple,56,173.0331,179.1729,1.3848,0.0141
1524,doll_057,doll,51,11.5162,11.5162,17.0412,0.0476
1367,cup_005,cup,54,73.0836,73.0836,8.7585,0.0425
4036,shampoo_032,shampoo,95,14.5727,14.5727,2.4513,0.0398
838,cake_008,cake,58,27.9037,27.9037,3.9199,0.0416
4990,toy_train_005,toy_train,63,16.0375,16.0375,10.2574,0.1062
1192,clock_011,clock,90,141.2458,141.2458,6.8502,0.0235
5352,zongzi_005,zongzi,53,7.3618,7.3618,15.8677,0.0305
3051,orange_036,orange,59,7.4447,74.6671,7.8056,0.0292
3343,pillow_011,pillow,126,6.8741,176.2206,4.9175,0.0635
2313,helmet_011,helmet,104,169.8857,169.8857,17.6961,0.0203
1892,fork_002,fork,66,159.6499,159.6499,5.4526,0.0753
1947,glasses_case_001,glasses_case,105,6.5110,6.5110,5.7284,0.0412
1947,glasses_case_001,glasses_case,105,24.4706,24.4706,14.7970,0.0513
466,boxed_beverage_003,boxed_beverage,74,36.5924,36.5924,9.9284,0.0219
451,box_068,box,110,42.3578,42.3578,4.1047,0.0308
1831,fan_005,fan,64,87.0182,87.0182,8.9612,0.0588
469,boxed_beverage_006,boxed_beverage,91,7.0995,7.0995,10.0500,0.0452
1307,corn_008,corn,70,153.7371,153.7371,20.9415,0.0566
1753,egg_tart_001,egg_tart,58,7.8218,163.4963,6.6584,0.0353
362,bottle_050,bottle,70,6.5184,154.8828,1.7784,0.0247
745,bucket_noodle_014,bucket_noodle,71,5.9220,114.5979,3.3687,0.0251
3083,oyster_020,oyster,66,23.9779,23.9779,15.1144,0.0598
1808,eraser_029,eraser,53,10.4708,179.3006,1.3317,0.0555
1495,doll_028,doll,80,12.4640,12.4640,1.1126,0.0579
4202,speaker_001,speaker,100,158.7715,158.7715,27.6276,0.0224
3866,ricecooker_003,ricecooker,97,20.9854,20.9854,21.4334,0.0428
2197,handbag_024,handbag,151,5.8037,175.0058,5.0966,0.0371
1630,dumbbell_015,dumbbell,51,21.0319,165.1637,15.0818,0.0506
2838,medicine_bottle_053,medicine_bottle,60,20.7552,21.8911,2.8897,0.0847
225,banana_043,banana,69,55.0140,55.0140,1.0269,0.0250
4509,teapot_019,teapot,64,129.4507,129.4507,18.5236,0.1007
1965,glasses_case_019,glasses_case,90,118.4233,118.4233,7.6771,0.0450
1889,flute_001,flute,91,81.6634,81.6634,12.1676,0.0096
4499,teapot_009,teapot,119,142.8558,142.8558,6.9341,0.0214
1164,chocolate_013,chocolate,45,131.8766,131.8766,9.1646,0.0296
3835,remote_control_022,remote_control,83,33.0735,33.0735,4.1301,0.0297
1129,china_001,china,90,179.5888,179.5893,4.1869,0.0311
225,banana_043,banana,69,170.7936,170.7936,8.9645,0.0188
595,bread_159,bread,71,151.6937,151.6937,2.3139,0.0126
610,bread_174,bread,87,45.9030,164.6067,14.3469,0.0639
650,broccoli_003,broccoli,63,33.2858,54.7794,3.4334,0.0344
767,bumbag_007,bumbag,104,7.5893,174.6340,13.9658,0.0823
153,ball_024,ball,57,64.2115,64.2115,6.5570,0.0097
1294,conch_025,conch,46,46.5733,46.5733,8.7640,0.0343
656,broccoli_009,broccoli,85,21.5037,120.9086,2.3060,0.0313
4611,tissue_030,tissue,74,98.0052,98.0052,2.4926,0.0237
1661,durian_006,durian,78,44.0697,44.0697,1.5857,0.0176
4702,tooth_paste_016,tooth_paste,109,5.9975,5.9975,4.1017,0.0219
345,book_025,book,95,8.0340,177.1158,10.8753,0.0410
3080,oyster_017,oyster,64,73.3520,73.3520,5.2039,0.0116
5344,yam_032,yam,86,7.5626,63.8426,5.0750,0.0444
196,banana_005,banana,83,88.7355,88.7355,44.1378,0.0790
4202,speaker_001,speaker,100,153.3008,153.3008,5.0664,0.0582
4699,tooth_paste_013,tooth_paste,96,7.3305,7.3305,3.4237,0.0154
1469,doll_001,doll,94,109.8225,109.8225,9.4324,0.0239
3622,potato_014,potato,46,27.2452,27.2452,2.1228,0.0202
110,asparagus_011,asparagus,56,5.9992,10.1471,8.4204,0.0314
5254,watermelon_012,watermelon,91,75.0679,75.0679,4.9358,0.0201
4056,shaomai_015,shaomai,27,40.2477,164.3980,0.4230,0.0306
2949,mushroom_046,mushroom,35,33.2553,151.5359,19.4939,0.0516
4241,squash_032,squash,87,7.8042,28.2642,9.7219,0.0213
4362,sushi_014,sushi,61,105.9749,105.9749,2.2722,0.0259
3080,oyster_017,oyster,64,22.3453,22.3453,6.4103,0.0317
2949,mushroom_046,mushroom,35,15.5385,85.2882,1.4423,0.0218
182,bamboo_shoots_028,bamboo_shoots,93,2.8056,6.1238,4.3532,0.0241
2949,mushroom_046,mushroom,35,1.5981,11.1093,1.4955,0.0422
1429,dinosaur_012,dinosaur,99,74.3030,74.3030,3.2686,0.0296
2000,guitar_001,guitar,106,3.2149,3.2149,1.9258,0.0200
4835,toy_bus_007,toy_bus,76,173.0590,173.0590,11.6324,0.1061
2470,kiwifruit_002,kiwifruit,63,11.4610,79.1481,2.4131,0.0360
3650,potato_043,potato,75,179.7295,179.7295,25.2627,0.0412
1367,cup_005,cup,54,11.3456,11.3456,6.6680,0.0112
559,bread_115,bread,61,29.1923,166.3121,1.8491,0.0154
4303,stool_003,stool,110,139.8833,139.8833,19.4180,0.0326
5316,yam_003,yam,91,3.4895,128.0042,3.4954,0.0548
232,beauty_blender_002,beauty_blender,79,143.5033,143.5033,7.4039,0.1043
502,bread_039,bread,76,111.8097,111.8097,31.8834,0.0909
4275,steamed_bun_022,steamed_bun,69,27.1692,105.3111,4.7453,0.0132
3564,pomegranate_049,pomegranate,96,17.8306,151.4124,9.2393,0.0392
1542,doll_075,doll,50,84.2005,84.2005,1.8926,0.0425
4362,sushi_014,sushi,61,30.1992,30.1992,3.8855,0.0670
3180,pastry_022,pastry,61,18.8623,151.3951,11.1706,0.0786
2148,hammer_015,hammer,81,10.2250,10.2250,8.9495,0.0449
153,ball_024,ball,57,167.7544,167.7544,11.2007,0.0352
3011,onion_030,onion,65,142.6177,158.4338,37.7475,0.1249
695,brush_009,brush,68,168.9111,168.9111,18.9637,0.0250
5352,zongzi_005,zongzi,53,177.5339,177.5339,0.9556,0.0605
3564,pomegranate_049,pomegranate,96,29.7518,125.9639,14.0705,0.0147
1593,drawing_008,drawing,115,6.5918,175.5054,2.4819,0.0528
1307,corn_008,corn,70,8.8041,165.5010,0.8388,0.0400
4034,shampoo_030,shampoo,85,8.7583,178.2466,6.4254,0.0467
3540,pomegranate_025,pomegranate,57,6.8362,171.5303,10.5616,0.0662
1221,clock_041,clock,88,82.0584,82.0584,5.9532,0.0512
3080,oyster_017,oyster,64,58.9079,58.9079,2.6948,0.0274
2846,medicine_bottle_061,medicine_bottle,49,6.4881,142.7803,7.3213,0.0730
808,burrito_002,burrito,102,20.5177,178.7091,0.9864,0.0387
610,bread_174,bread,87,135.2782,135.2782,18.9746,0.0842
269,biscuit_010,biscuit,56,117.0795,117.0795,1.5189,0.0271
3342,pillow_010,pillow,129,32.3778,175.9704,4.3866,0.0194
1374,cup_012,cup,80,44.2720,44.2720,6.9977,0.0823
3699,projector_004,projector,95,1.8301,1.8301,11.4209,0.0345
1552,doll_085,doll,133,16.0673,16.0673,2.5883,0.0182
1363,cup_001,cup,60,85.6894,85.6894,32.2841,0.0248
610,bread_174,bread,87,10.3844,10.3844,0.5787,0.0465
4056,shaomai_015,shaomai,27,35.6481,145.7333,7.1146,0.0275
1307,corn_008,corn,70,2.5129,56.4082,4.8493,0.0312
4138,shrimp_041,shrimp,61,170.4903,170.4903,6.9828,0.0593
4535,thermometer_001,thermometer,57,4.0477,4.0477,13.3711,0.0859
4036,shampoo_032,shampoo,95,88.8384,88.8384,23.3859,0.0600
2037,hair_dryer_037,hair_dryer,73,10.1694,10.1694,2.8712,0.0176
2886,mouse_003,mouse,90,161.1126,161.1126,13.7553,0.1456
2137,hammer_003,hammer,64,157.5412,157.5412,23.2981,0.0262
1098,chili_003,chili,67,4.0746,155.1217,2.5237,0.0204
153,ball_024,ball,57,113.4947,113.4947,1.3154,0.0264
2109,hamburger_050,hamburger,96,7.0682,91.0133,8.8760,0.0042
3086,oyster_023,oyster,101,20.9289,20.9289,10.3862,0.0106
4359,sushi_011,sushi,103,99.0038,99.0038,22.4151,0.0302
1431,dinosaur_014,dinosaur,74,17.4781,17.4781,3.1049,0.0385
2852,microwaveoven_003,microwaveoven,81,75.6597,75.6597,7.0426,0.0330
581,bread_145,bread,71,9.0947,175.8438,1.7014,0.0252
2863,monitor_004,monitor,86,6.3514,6.3514,6.2857,0.0180
3059,ornaments_001,ornaments,101,172.4150,172.4150,3.6759,0.0274
1427,dinosaur_010,dinosaur,107,176.4454,176.4454,4.2939,0.0192
1307,corn_008,corn,70,26.8481,31.8537,28.1603,0.1015
752,bucket_noodle_022,bucket_noodle,76,4.8658,164.8931,8.3214,0.0348
946,carrot_012,carrot,110,5.7817,162.8469,1.2953,0.0355
3286,pen_004,pen,55,169.1182,179.3851,13.6144,0.0252
4138,shrimp_041,shrimp,61,166.6553,166.6553,0.9266,0.0306
4038,shampoo_034,shampoo,62,91.3642,159.2512,4.0866,0.0741
211,banana_023,banana,63,30.2487,30.2487,1.7853,0.0453
3488,pizza_020,pizza,56,5.4344,173.4908,3.6311,0.0400
205,banana_014,banana,93,58.4751,58.4751,11.6901,0.0245
695,brush_009,brush,68,162.3423,162.3423,40.4376,0.0842
465,boxed_beverage_002,boxed_beverage,86,3.3973,178.8853,7.3765,0.0386
1455,dish_005,dish,92,7.0031,23.3459,7.4135,0.0281
1408,dice_007,dice,65,39.4683,164.3978,8.8347,0.0392
1469,doll_001,doll,94,153.1443,153.1443,10.1512,0.0169
1841,fire_extinguisher_001,fire_extinguisher,103,17.8838,17.8838,0.7883,0.0208
2503,laptop_004,laptop,107,27.6616,27.6616,5.6953,0.0581
85,apple_051,apple,68,179.3505,179.5352,3.0395,0.0248
4138,shrimp_041,shrimp,61,13.2275,13.2276,25.8351,0.0431
196,banana_005,banana,83,164.5461,164.5461,16.9557,0.0392
34,antique_017,antique,93,99.9970,99.9970,1.6994,0.0700
1945,glasses_004,glasses,113,93.1432,93.1432,13.6030,0.0539
1098,chili_003,chili,67,2.2306,125.0723,3.5011,0.0217
3622,potato_014,potato,46,158.5555,158.5555,6.0527,0.0295
3921,sandwich_021,sandwich,97,57.7309,136.4570,6.0644,0.0443
2109,hamburger_050,hamburger,96,5.3081,80.5475,9.5644,0.0016
5332,yam_020,yam,96,170.0512,173.2555,5.1663,0.0155
3866,ricecooker_003,ricecooker,97,161.7172,161.7172,7.0693,0.0147
2413,joystick_001,joystick,81,156.7971,156.7971,3.9106,0.0229
946,carrot_012,carrot,110,4.2917,109.9611,2.6231,0.0288
2566,light_024,light,97,179.8144,179.8144,8.8180,0.1002
3026,orange_011,orange,73,22.3304,78.5774,38.9995,0.0299
232,beauty_blender_002,beauty_blender,79,121.3190,121.3190,23.2153,0.0716
4702,tooth_paste_016,tooth_paste,109,11.6934,178.2629,2.0349,0.0098
1542,doll_075,doll,50,160.5548,160.5548,11.5884,0.0784
3286,pen_004,pen,55,160.3385,177.1749,10.7081,0.1584
4449,table_tennis_bat_003,table_tennis_bat,78,5.8327,5.8327,2.5764,0.0608
3051,orange_036,orange,59,168.4876,169.6581,1.2786,0.0177
3036,orange_021,orange,121,105.5476,148.1129,1.6752,0.0194
3802,red_wine_glass_010,red_wine_glass,81,140.8855,165.5828,7.9048,0.0460
823,burrito_017,burrito,84,47.0991,48.0169,7.1233,0.0787
1504,doll_037,doll,72,15.5924,15.5924,2.4622,0.0172
4729,toy_animals_013,toy_animals,137,13.6378,13.6378,9.0112,0.0045
2667,lotus_root_011,lotus_root,80,1.5871,45.4677,9.3276,0.0322
656,broccoli_009,broccoli,85,13.8127,179.9441,1.2131,0.0230
2120,hami_melon_004,hami_melon,76,63.5989,166.2282,3.9532,0.0488
4161,soap_017,soap,51,2.9686,177.3485,1.4022,0.0357
4773,toy_animals_057,toy_animals,52,24.1180,24.1180,8.6107,0.0264
650,broccoli_003,broccoli,63,12.2323,118.4453,4.9696,0.0189
852,cake_022,cake,91,96.8796,96.8796,4.1308,0.0684
5352,zongzi_005,zongzi,53,8.3187,8.3187,13.0753,0.0430
423,box_040,box,89,8.2478,172.1912,2.0694,0.0672
3913,sandwich_013,sandwich,70,178.0025,179.8916,5.3524,0.0177
3080,oyster_017,oyster,64,124.6792,124.6793,2.5328,0.0491
2000,guitar_001,guitar,106,7.6429,7.6429,1.2241,0.0113
3644,potato_036,potato,63,14.1897,14.1896,2.9414,0.0239
3054,ornament_002,ornament,56,108.6993,108.6993,2.2868,0.0207
1831,fan_005,fan,64,41.8373,41.8373,8.9915,0.0262
5332,yam_020,yam,96,5.4217,148.8980,3.5258,0.0184
1904,garage_kit_004,garage_kit,69,178.9243,178.9241,3.7578,0.0520
4944,toy_motorcycle_039,toy_motorcycle,85,27.5201,27.5201,3.1674,0.0355
1367,cup_005,cup,54,30.0114,30.0114,5.7801,0.0226
502,bread_039,bread,76,8.1062,8.1062,2.5348,0.0179
4286,steamed_bun_041,steamed_bun,78,12.9522,101.2845,4.2566,0.0202
4701,tooth_paste_015,tooth_paste,84,65.8806,133.2212,10.6629,0.0045
3188,peach_005,peach,81,10.9768,140.1029,3.2667,0.0262
3086,oyster_023,oyster,101,133.8337,133.8337,9.3296,0.0376
4499,teapot_009,teapot,119,31.8231,31.8231,4.9369,0.0188
36,antique_019,antique,57,115.7954,115.7954,2.3183,0.0256
491,bread_020,bread,37,48.2786,141.5047,60.0137,0.0454
4431,table_013,table,93,151.4283,151.4283,7.9554,0.0351
2211,handbag_039,handbag,85,157.9088,157.9088,7.4841,0.0565
4539,thermos_004,thermos,82,14.0251,14.0251,2.3980,0.0345
2703,magnet_004,magnet,30,21.2236,165.5088,10.2636,0.0934
5254,watermelon_012,watermelon,91,15.5939,15.5939,7.3615,0.0877
1217,clock_037,clock,72,31.7370,31.7370,2.2012,0.0174
5138,waffle_023,waffle,37,2.2512,114.1272,6.7173,0.0454
1593,drawing_008,drawing,115,78.4620,78.4620,2.8094,0.0266
745,bucket_noodle_014,bucket_noodle,71,4.2914,127.9665,0.4905,0.0427
2525,lemon_013,lemon,49,176.1319,178.2499,3.6708,0.0321
4721,toy_animals_005,toy_animals,95,135.7116,135.7116,22.2552,0.0289
225,banana_043,banana,69,104.6787,104.6787,5.8006,0.0260
5243,water_chestnut_002,water_chestnut,37,161.5177,161.5231,2.0561,0.0285
2614,litchi_025,litchi,25,160.0182,165.9446,33.5463,0.1087
1965,glasses_case_019,glasses_case,90,165.4507,165.4507,6.6654,0.0448
1408,dice_007,dice,65,101.8995,123.2703,6.8040,0.0491
4944,toy_motorcycle_039,toy_motorcycle,85,16.3651,16.3651,10.0042,0.0274
3913,sandwich_013,sandwich,70,106.0784,110.4465,25.8032,0.0205
3262,pear_017,pear,93,11.3813,70.0080,6.3101,0.0418
2175,hand_cream_020,hand_cream,78,169.5359,169.5359,12.2318,0.0702
1495,doll_028,doll,80,162.1605,162.1605,9.5395,0.0255
3257,pear_012,pear,53,113.4908,150.4356,17.6679,0.0671
5260,watermelon_028,watermelon,81,4.4609,4.4610,13.4725,0.0283
1945,glasses_004,glasses,113,164.4700,164.4700,2.3687,0.0758
39,apple_001,apple,56,5.8119,31.8751,6.4258,0.0569
2313,helmet_011,helmet,104,102.1084,102.1084,7.1271,0.0621
221,banana_039,banana,35,48.3261,48.3261,38.4116,0.0821
1431,dinosaur_014,dinosaur,74,17.3369,17.3369,10.2397,0.0498
1204,clock_024,clock,73,16.5332,16.5332,1.5970,0.0220
458,box_075,box,101,1.0222,179.3845,4.4356,0.0090
3289,phone_shell_001,phone_shell,60,3.8399,3.8399,39.9149,0.0346
4241,squash_032,squash,87,3.9774,61.4484,7.6444,0.0335
4394,sweet_potato_004,sweet_potato,39,16.3459,139.5367,6.7608,0.0274
4944,toy_motorcycle_039,toy_motorcycle,85,55.9304,55.9304,28.1702,0.0612
1552,doll_085,doll,133,85.9484,85.9484,7.4876,0.0124
3342,pillow_010,pillow,129,22.2697,177.0992,6.6075,0.0155
3714,puff_009,puff,58,10.2420,23.7251,4.3020,0.0158
502,bread_039,bread,76,18.4931,18.4931,2.6024,0.0106
776,bun_007,bun,83,29.9602,30.1912,2.1242,0.0420
458,box_075,box,101,13.3351,13.3351,5.3661,0.0162
2113,hamburger_054,hamburger,49,8.8947,151.0539,4.4314,0.0348
3059,ornaments_001,ornaments,101,12.6322,12.6322,1.6118,0.0080
5299,whistle_011,whistle,51,8.0479,8.0479,3.7328,0.0282
1942,glasses_001,glasses,80,8.6405,8.6405,2.4848,0.0602
5238,watch_011,watch,49,49.5389,49.5389,2.6562,0.0234
5146,waffle_031,waffle,69,10.1345,129.0755,7.6891,0.0369
5227,walnut_030,walnut,47,146.9475,150.6472,5.2520,0.0343
3305,pie_005,pie,77,2.9857,33.4652,8.1088,0.0156
1527,doll_060,doll,75,16.6129,16.6129,1.5518,0.0109
343,book_022,book,71,46.5418,46.5418,38.3146,0.0208
3245,peanut_031,peanut,67,157.5287,157.7607,3.0057,0.0334
1896,frisbee_003,frisbee,108,2.3797,49.3464,2.4556,0.0266
2037,hair_dryer_037,hair_dryer,73,104.7186,104.7186,23.2112,0.0461
1889,flute_001,flute,91,2.3484,2.3484,3.4840,0.0272
610,bread_174,bread,87,9.3766,174.7165,0.4055,0.0283
3054,ornament_002,ornament,56,178.7716,178.7716,2.1972,0.0208
3866,ricecooker_003,ricecooker,97,162.3028,162.3028,6.4671,0.0446
1003,cheese_003,cheese,66,8.9534,179.7376,8.0755,0.0233
656,broccoli_009,broccoli,85,98.0068,98.7862,17.9698,0.0666
3378,pineapple_008,pineapple,86,11.9599,113.9409,3.9279,0.0531
4275,steamed_bun_022,steamed_bun,69,100.8444,169.7771,6.4816,0.0377
4580,timer_017,timer,61,4.7145,4.7146,16.2550,0.0917
4990,toy_train_005,toy_train,63,30.5899,30.5899,1.2364,0.0517
1310,corn_011,corn,46,19.5157,113.0207,25.6506,0.0347
3802,red_wine_glass_010,red_wine_glass,81,16.7636,85.8947,10.2283,0.0662
745,bucket_noodle_014,bucket_noodle,71,2.8063,179.2436,1.9716,0.0071
752,bucket_noodle_022,bucket_noodle,76,21.8491,107.9130,26.5206,0.0198
1469,doll_001,doll,94,55.5241,55.5241,8.1769,0.0093
196,banana_005,banana,83,174.1193,174.1193,3.3156,0.0351
4729,toy_animals_013,toy_animals,137,15.4337,15.4337,1.2874,0.0261
5254,watermelon_012,watermelon,91,114.6094,114.6094,20.0086,0.0225
4729,toy_animals_013,toy_animals,137,55.4986,55.4986,8.4331,0.0239
4275,steamed_bun_022,steamed_bun,69,39.0094,131.2738,7.3920,0.0313
2886,mouse_003,mouse,90,4.4083,4.4083,6.6646,0.0396
1892,fork_002,fork,66,80.5704,80.5704,1.3151,0.1808
4729,toy_animals_013,toy_animals,137,9.1632,9.1632,3.5979,0.0458
1204,clock_024,clock,73,175.1609,175.1609,17.0255,0.0142
742,bucket_noodle_011,bucket_noodle,113,2.8984,108.5923,3.4322,0.0348
4670,tooth_brush_011,tooth_brush,85,72.2364,72.2364,6.8268,0.0500
1204,clock_024,clock,73,178.2717,178.2720,17.0187,0.0398
1676,durian_021,durian,117,8.0517,8.0517,3.4627,0.0272
2067,hamburger_002,hamburger,67,177.7066,177.8689,6.6882,0.0218
3650,potato_043,potato,75,84.7681,84.7681,14.6805,0.0335
2177,hand_cream_022,hand_cream,88,44.9079,44.9079,40.3746,0.0300
3913,sandwich_013,sandwich,70,3.7668,125.9275,13.3276,0.0632
4303,stool_003,stool,110,68.0953,68.0953,3.8867,0.0313
4352,sushi_004,sushi,90,159.1797,159.1797,2.2545,0.0136
4074,shoe_015,shoe,101,12.0570,12.0569,1.7099,0.0188
1346,cucumber_017,cucumber,65,164.4922,177.6510,72.2654,0.0173
3921,sandwich_021,sandwich,97,122.9754,140.9538,23.6806,0.0570
182,bamboo_shoots_028,bamboo_shoots,93,170.0147,170.7774,25.7416,0.0353
418,box_035,box,93,71.4162,176.8204,10.2985,0.0345
3540,pomegranate_025,pomegranate,57,13.9719,64.6960,5.3156,0.0360
4489,tape_measure_024,tape_measure,79,17.0444,17.0444,0.8027,0.0157
465,boxed_beverage_002,boxed_beverage,86,177.7605,177.7605,4.4948,0.0234
2863,monitor_004,monitor,86,25.9369,25.9369,7.5884,0.0418
1979,gloves_013,gloves,70,143.2281,143.2281,6.1592,0.0159
3342,pillow_010,pillow,129,3.8039,3.8039,11.5578,0.0311
4241,squash_032,squash,87,3.1329,42.6346,3.3229,0.0268
933,canned_beverage_001,canned_beverage,98,5.0203,39.0231,4.4155,0.0221
2722,mango_019,mango,56,174.1503,174.1503,13.4658,0.0335
824,cabinet_001,cabinet,98,173.9926,173.9926,19.3536,0.0193
3866,ricecooker_003,ricecooker,97,50.3633,50.3633,5.3461,0.0296
3262,pear_017,pear,93,4.6414,24.5246,10.6476,0.0511
85,apple_051,apple,68,13.8255,17.9245,8.6256,0.0465
4449,table_tennis_bat_003,table_tennis_bat,78,25.6715,169.3562,12.1991,0.0402
616,bread_180,bread,85,10.4388,173.6033,10.2804,0.0472
4449,table_tennis_bat_003,table_tennis_bat,78,10.3611,10.3611,1.5372,0.0341
2085,hamburger_021,hamburger,85,169.0699,179.0797,1.2405,0.0155
500,bread_037,bread,71,166.0258,179.9604,40.6391,0.0268
823,burrito_017,burrito,84,14.1500,178.4641,17.4798,0.0213
431,box_048,box,61,4.7850,179.1591,3.3763,0.0213
695,brush_009,brush,68,38.3281,38.3281,0.3653,0.0669
253,belt_019,belt,82,21.7108,21.7108,2.1079,0.0288
3921,sandwich_021,sandwich,97,5.5100,7.0213,7.6942,0.0491
2175,hand_cream_020,hand_cream,78,10.9414,170.5190,3.7217,0.0347
973,cauliflower_002,cauliflower,91,21.1734,45.2988,2.4330,0.0832
4394,sweet_potato_004,sweet_potato,39,4.3978,7.4418,2.1388,0.0294
2677,lotus_root_021,lotus_root,84,14.4812,160.5478,3.0375,0.0356
1552,doll_085,doll,133,86.5908,86.5908,7.1237,0.1166
626,bread_190,bread,102,17.5925,17.5925,7.7851,0.0386
2073,hamburger_009,hamburger,88,33.0890,75.5432,6.5354,0.0335
4241,squash_032,squash,87,174.4926,177.8397,1.9128,0.0144
4275,steamed_bun_022,steamed_bun,69,175.2768,178.3416,8.4758,0.0102
1892,fork_002,fork,66,164.8793,164.8793,0.8033,0.0890
362,bottle_050,bottle,70,17.0003,60.9349,3.6368,0.0586
1305,corn_006,corn,67,4.6345,178.0177,4.0030,0.0378
1868,flower_pot_002,flower_pot,119,50.1017,50.1017,1.8891,0.0300
1363,cup_001,cup,60,151.4283,151.4283,50.4141,0.0442
2667,lotus_root_011,lotus_root,80,133.5366,166.1568,8.2572,0.0221
2067,hamburger_002,hamburger,67,164.5490,173.4597,2.2455,0.0210
3699,projector_004,projector,95,47.1124,47.1124,6.2234,0.0294
2420,kettle_003,kettle,77,152.7795,152.7795,44.8403,0.0174
4074,shoe_015,shoe,101,151.0940,151.0940,14.7493,0.0378
2309,helmet_007,helmet,68,13.9074,13.9074,7.6901,0.0217
2175,hand_cream_020,hand_cream,78,16.7299,179.4876,12.9176,0.0093
4379,sushi_031,sushi,52,10.4345,10.4345,5.4296,0.0455
4161,soap_017,soap,51,6.8870,179.1282,6.5289,0.0292
2037,hair_dryer_037,hair_dryer,73,148.0050,148.0050,9.0443,0.0582
1576,donut_028,donut,88,140.7356,140.7356,10.0825,0.0642
1310,corn_011,corn,46,3.9612,162.7630,4.6324,0.0175
423,box_040,box,89,49.7200,179.4052,37.0599,0.0577
2333,hot_dog_066,hot_dog,55,13.6806,13.6806,3.0115,0.0277
3305,pie_005,pie,77,29.9715,90.3469,15.1975,0.0214
465,boxed_beverage_002,boxed_beverage,86,169.0552,177.4010,9.7405,0.0213
1192,clock_011,clock,90,174.5480,174.5480,15.4713,0.0169
39,apple_001,apple,56,4.6465,12.7568,0.9390,0.0215
1979,gloves_013,gloves,70,59.3641,59.3641,7.3015,0.0097
2322,hot_dog_053,hot_dog,91,169.4495,175.2567,4.5855,0.0236
2247,hat_022,hat,57,104.1360,104.1360,10.0466,0.0311
838,cake_008,cake,58,105.8675,105.8675,12.6960,0.1030
2322,hot_dog_053,hot_dog,91,170.4227,170.4227,7.7990,0.0305
4161,soap_017,soap,51,42.8722,152.5720,35.1080,0.1397
2216,handbag_044,handbag,109,161.9258,161.9258,8.8090,0.0126
1640,dumpling_012,dumpling,52,67.7378,67.7378,2.2242,0.0467
445,box_062,box,67,38.2002,173.7832,3.8012,0.0193
3059,ornaments_001,ornaments,101,33.4908,33.4908,5.7465,0.0230
3622,potato_014,potato,46,98.7693,98.7693,3.3634,0.0486
2455,kite_010,kite,13,99.8244,99.8244,50.0513,0.3915
4535,thermometer_001,thermometer,57,17.7404,17.7404,12.6632,0.0101
51,apple_014,apple,69,7.8804,84.4748,4.9338,0.0421
2322,hot_dog_053,hot_dog,91,176.3903,176.3903,6.9432,0.0271
5299,whistle_011,whistle,51,10.1084,10.1084,5.6845,0.0421
3622,potato_014,potato,46,137.8174,137.8174,8.4365,0.0555
4449,table_tennis_bat_003,table_tennis_bat,78,46.2119,178.5404,15.6543,0.0518
2211,handbag_039,handbag,85,16.3980,16.3980,5.5279,0.0336
946,carrot_012,carrot,110,12.4150,20.8474,1.9426,0.0515
1542,doll_075,doll,50,127.7737,127.7737,4.1503,0.0295
4967,toy_plane_022,toy_plane,50,79.3977,79.3977,5.8971,0.0256
3342,pillow_010,pillow,129,19.7561,176.0808,3.4029,0.0136
1367,cup_005,cup,54,116.3329,116.3329,2.9344,0.0143
1204,clock_024,clock,73,176.5810,176.5810,3.1178,0.0293
500,bread_037,bread,71,9.2182,172.4339,9.7182,0.0396
1277,conch_007,conch,44,99.2905,99.2905,22.3021,0.0885
742,bucket_noodle_011,bucket_noodle,113,4.6661,81.8641,8.4150,0.0160
2814,medicine_bottle_029,medicine_bottle,72,9.7985,102.6805,7.4554,0.0525
1139,chinese_chess_001,chinese_chess,43,169.4954,170.9585,5.3466,0.0579
1219,clock_039,clock,91,176.7459,176.7459,18.1514,0.0410
2615,litchi_026,litchi,65,12.8377,169.9029,1.7396,0.0840
1965,glasses_case_019,glasses_case,90,174.7184,174.7184,3.0329,0.0274
5130,waffle_015,waffle,70,126.5745,156.4826,34.6633,0.0650
196,banana_005,banana,83,177.0053,177.0053,28.8574,0.1102
1098,chili_003,chili,67,8.5439,72.3876,5.0497,0.0388
4904,toy_car_012,toy_car,69,162.1022,162.1022,2.1630,0.0266
2614,litchi_025,litchi,25,31.6887,128.3624,0.9302,0.0234
2852,microwaveoven_003,microwaveoven,81,23.7837,23.7837,7.5728,0.0421
2335,hot_dog_068,hot_dog,67,166.2763,174.4934,15.4152,0.0268
3768,razor_004,razor,67,169.7881,169.7881,5.6516,0.0386
405,box_020,box,111,12.7805,173.5959,5.6091,0.0837
1455,dish_005,dish,92,12.0918,75.7262,7.3477,0.0436
4528,teddy_bear_004,teddy_bear,94,33.6245,33.6245,1.1388,0.0657
581,bread_145,bread,71,89.2901,89.2901,6.5536,0.0655
3011,onion_030,onion,65,35.3009,76.2675,2.0892,0.0205
2814,medicine_bottle_029,medicine_bottle,72,11.9209,15.5902,7.8747,0.0413
3802,red_wine_glass_010,red_wine_glass,81,6.3752,16.9937,2.6878,0.0253
3866,ricecooker_003,ricecooker,97,129.2218,129.2218,14.1107,0.0117
1192,clock_011,clock,90,137.7601,137.7601,9.4844,0.0185
3540,pomegranate_025,pomegranate,57,7.4612,49.0836,0.8368,0.0043
4528,teddy_bear_004,teddy_bear,94,97.2431,97.2431,2.8683,0.0183
2309,helmet_007,helmet,68,165.5777,165.5777,10.8592,0.0187
1873,flower_pot_007,flower_pot,91,102.7194,102.7194,5.9540,0.0416
4649,tomato_020,tomato,49,5.2858,82.4963,4.5930,0.0259
5260,watermelon_028,watermelon,81,29.3862,29.3862,7.9059,0.0416
4359,sushi_011,sushi,103,111.7311,111.7311,6.7912,0.0314
1294,conch_025,conch,46,129.9574,129.9574,5.3395,0.0774
343,book_022,book,71,23.7480,176.6884,3.7690,0.0240
4550,thimble_009,thimble,49,163.7440,164.2986,23.2714,0.2361
838,cake_008,cake,58,140.7932,140.7932,21.7234,0.0529
2470,kiwifruit_002,kiwifruit,63,85.6578,103.2761,7.0569,0.0447
1475,doll_007,doll,76,23.5031,23.5031,2.1738,0.0150
2863,monitor_004,monitor,86,0.9764,0.9764,4.0828,0.0503
4263,starfish_018,starfish,81,169.9424,169.9424,17.9226,0.0378
1739,egg_036,egg,49,18.7889,30.9595,0.6937,0.0395
2247,hat_022,hat,57,110.3484,110.3484,4.3468,0.0592
3921,sandwich_021,sandwich,97,12.4939,55.1258,55.0365,0.0993
343,book_022,book,71,4.0803,177.7401,2.1972,0.0625
1831,fan_005,fan,64,30.9333,30.9333,4.1693,0.0332
4539,thermos_004,thermos,82,144.1361,144.1361,5.2596,0.0677
1841,fire_extinguisher_001,fire_extinguisher,103,174.4936,174.4936,49.3528,0.0952
4857,toy_bus_029,toy_bus,79,82.9418,82.9418,10.2164,0.0492
5146,waffle_031,waffle,69,16.8372,77.7233,33.1701,0.0524
2298,haw_thorn_046,haw_thorn,37,133.8781,147.8745,4.4203,0.0133
203,banana_012,banana,73,169.9150,169.9150,9.2204,0.0139
1945,glasses_004,glasses,113,12.0233,12.0233,14.1970,0.0448
1305,corn_006,corn,67,5.2160,162.3574,2.9913,0.0122
2503,laptop_004,laptop,107,92.1613,92.1613,9.2954,0.0518
4729,toy_animals_013,toy_animals,137,20.2609,20.2609,12.5518,0.0251
695,brush_009,brush,68,17.8913,17.8913,6.8790,0.0580
1942,glasses_001,glasses,80,6.1155,6.1155,10.7642,0.0403
3305,pie_005,pie,77,7.1154,52.7525,2.7838,0.0191
3305,pie_005,pie,77,4.2234,8.9244,4.3058,0.0069
913,candy_038,candy,66,58.6819,174.2924,23.5536,0.0055
5130,waffle_015,waffle,70,91.7590,109.5931,94.6354,0.0410
3245,peanut_031,peanut,67,123.7830,171.1299,0.7812,0.0363
2420,kettle_003,kettle,77,39.6390,39.6390,4.7418,0.0073
4528,teddy_bear_004,teddy_bear,94,17.0609,17.0609,7.7558,0.0353
4702,tooth_paste_016,tooth_paste,109,34.4856,175.5497,73.3296,0.0629
4240,squash_031,squash,83,8.0843,143.4096,30.1377,0.0409
205,banana_014,banana,93,14.8129,14.8129,7.0079,0.0072
1176,chocolates_012,chocolates,43,78.3149,78.3149,6.7822,0.0697
4394,sweet_potato_004,sweet_potato,39,13.6937,162.2693,12.3137,0.0188
1363,cup_001,cup,60,2.9579,2.9579,8.0851,0.0275
5191,wallet_045,wallet,109,34.2496,34.2496,38.4750,0.0906
4470,tape_measure_004,tape_measure,64,26.1658,26.1658,9.0382,0.0269
3506,plant_006,plant,106,5.3575,46.8004,6.6632,0.0326
2470,kiwifruit_002,kiwifruit,63,169.0009,179.1519,4.0628,0.0252
913,candy_038,candy,66,36.3659,36.3659,22.4848,0.0039
3343,pillow_011,pillow,126,11.4554,11.4554,28.8615,0.0369
1367,cup_005,cup,54,37.7136,37.7136,9.7720,0.0373
3921,sandwich_021,sandwich,97,160.2636,164.2931,0.3595,0.0199
5227,walnut_030,walnut,47,41.1245,158.5044,25.7886,0.1091
1310,corn_011,corn,46,7.5392,170.6713,6.2403,0.0070
1662,durian_007,durian,69,47.6670,47.6670,1.8699,0.0478
3984,sausage_075,sausage,76,9.5408,67.8881,4.2537,0.0231
418,box_035,box,93,34.2088,34.2088,12.1680,0.0314
5082,umbrella_002,umbrella,116,6.5751,68.8445,8.7142,0.0293
5146,waffle_031,waffle,69,176.2918,176.6957,7.9392,0.0151
1540,doll_073,doll,23,120.8952,120.8952,27.3313,0.1485
3083,oyster_020,oyster,66,17.7887,17.7887,12.3990,0.0660
2414,kennel_001,kennel,95,95.1948,95.1948,12.3973,0.0315
3692,power_strip_032,power_strip,80,67.2913,67.2913,16.9172,0.0783
824,cabinet_001,cabinet,98,157.2706,157.2706,6.9983,0.0523
1912,garlic_002,garlic,57,56.1742,56.1742,16.9250,0.0164
205,banana_014,banana,93,164.9870,164.9870,6.5097,0.0141
3378,pineapple_008,pineapple,86,9.4000,105.0182,3.5444,0.0613
1129,china_001,china,90,28.9735,28.9735,4.7383,0.0165
221,banana_039,banana,35,39.0352,39.0352,13.3153,0.0208
3059,ornaments_001,ornaments,101,7.0788,7.0788,1.1846,0.0244
4773,toy_animals_057,toy_animals,52,56.6057,56.6057,10.5307,0.0163
4161,soap_017,soap,51,7.2056,176.1508,5.2177,0.0651
5332,yam_020,yam,96,174.6752,174.7166,6.5600,0.0407
5146,waffle_031,waffle,69,171.1361,176.8613,3.7505,0.0111
4345,suitcase_006,suitcase,104,128.9746,173.7769,64.7312,0.0582
3371,pineapple_001,pineapple,103,2.7066,128.2884,6.4278,0.0332
133,backpack_032,backpack,73,5.5282,5.5282,5.7753,0.0283
203,banana_012,banana,73,12.8383,12.8383,3.5551,0.0241
343,book_022,book,71,3.9843,177.2613,4.8246,0.0305
1462,dish_012,dish,54,120.6203,120.6203,9.5246,0.1322
465,boxed_beverage_002,boxed_beverage,86,104.5345,104.5345,35.4046,0.0233
5316,yam_003,yam,91,170.3619,173.4001,17.4312,0.0397
1896,frisbee_003,frisbee,108,2.2267,149.5526,4.3766,0.0296
5316,yam_003,yam,91,2.4697,160.9264,9.3172,0.0300
34,antique_017,antique,93,94.0855,94.0855,0.6492,0.0414
1808,eraser_029,eraser,53,8.9099,8.9099,18.1359,0.0514
1427,dinosaur_010,dinosaur,107,165.2690,165.2690,0.7103,0.0228
133,backpack_032,backpack,73,72.0865,72.0865,7.2802,0.0092
1831,fan_005,fan,64,138.9589,138.9589,7.6283,0.0814
2060,hairpin_023,hairpin,39,93.7236,93.7236,25.7051,0.3042
2795,medicine_bottle_006,medicine_bottle,115,9.7246,9.7246,10.8568,0.0222
1219,clock_039,clock,91,136.3667,136.3667,30.7942,0.0221
1896,frisbee_003,frisbee,108,6.5348,168.9785,8.5986,0.0250
1431,dinosaur_014,dinosaur,74,19.2047,19.2046,17.7832,0.1473
3080,oyster_017,oyster,64,132.8434,132.8434,13.6118,0.0180
3564,pomegranate_049,pomegranate,96,42.8022,95.0592,6.4184,0.0831
2979,nipple_006,nipple,52,71.0176,71.0176,4.1657,0.0766
1676,durian_021,durian,117,58.5614,58.5614,2.9825,0.0241
5352,zongzi_005,zongzi,53,17.2212,17.2212,9.4928,0.0243
4489,tape_measure_024,tape_measure,79,4.5982,175.6576,2.8246,0.0470
500,bread_037,bread,71,172.6994,172.6994,11.6756,0.0123
3488,pizza_020,pizza,56,179.2577,179.6835,2.3836,0.0466
4098,shrimp_001,shrimp,87,40.3742,40.3742,11.5922,0.0169
79,apple_045,apple,54,68.0265,68.0265,4.2958,0.0341
2636,longan_018,longan,40,16.8184,166.6893,4.2696,0.0061
2614,litchi_025,litchi,25,91.1268,114.6290,4.2956,0.0623
1294,conch_025,conch,46,170.9547,170.9547,8.5138,0.0133
418,box_035,box,93,2.5175,177.9291,2.1849,0.0455
1504,doll_037,doll,72,31.7161,31.7161,7.2941,0.0193
1261,coconut_022,coconut,104,7.6056,118.1417,4.0164,0.0258
4298,steamed_bun_053,steamed_bun,78,4.9924,70.9986,2.2597,0.0297
1363,cup_001,cup,60,179.0831,179.0829,8.0321,0.0478
5082,umbrella_002,umbrella,116,2.1737,65.5848,3.4987,0.0162
4056,shaomai_015,shaomai,27,27.6086,91.8536,1.1645,0.0186
4670,tooth_brush_011,tooth_brush,85,4.0715,4.0715,3.5813,0.0724
3781,red_jujube_007,red_jujube,71,15.8041,164.0390,3.9998,0.0260
5082,umbrella_002,umbrella,116,3.7995,111.2502,2.6739,0.0290
2525,lemon_013,lemon,49,164.3451,168.3457,7.0254,0.0536
2298,haw_thorn_046,haw_thorn,37,151.5640,162.7054,17.3846,0.0547
2694,lotus_root_040,lotus_root,37,74.0605,154.4910,5.4553,0.0174
4857,toy_bus_029,toy_bus,79,11.0373,11.0373,1.2970,0.0448
2470,kiwifruit_002,kiwifruit,63,168.7843,168.9850,2.8850,0.0328
767,bumbag_007,bumbag,104,4.6683,4.6683,7.5938,0.0454
2431,keyboard_002,keyboard,133,4.7743,4.7743,10.4595,0.0550
2863,monitor_004,monitor,86,76.1399,76.1399,21.2763,0.1335
4359,sushi_011,sushi,103,60.4757,60.4757,6.6805,0.0188
418,box_035,box,93,84.0372,96.4808,9.0759,0.0245
756,bucket_noodle_026,bucket_noodle,63,15.7836,123.2442,12.8988,0.0486
4535,thermometer_001,thermometer,57,7.2900,7.2900,1.6675,0.0373
3059,ornaments_001,ornaments,101,6.6313,6.6313,3.6296,0.0261
1965,glasses_case_019,glasses_case,90,4.6384,4.6384,2.0073,0.0447
4100,shrimp_003,shrimp,64,162.3282,162.3283,5.9516,0.0438
3564,pomegranate_049,pomegranate,96,21.7788,164.0389,7.1999,0.0395
4409,sweet_potato_019,sweet_potato,79,14.3383,120.1546,8.8700,0.0271
2211,handbag_039,handbag,85,4.9278,4.9278,16.5679,0.0308
4252,starfish_007,starfish,109,46.7752,46.7752,4.2964,0.0457
3699,projector_004,projector,95,175.1951,175.1951,3.8229,0.0170
2979,nipple_006,nipple,52,120.2753,120.2753,57.1417,0.0508
695,brush_009,brush,68,14.2692,14.2691,3.6788,0.0698
2668,lotus_root_012,lotus_root,66,168.9090,170.1974,4.8244,0.0031
5238,watch_011,watch,49,60.8475,60.8475,8.9884,0.0308
4944,toy_motorcycle_039,toy_motorcycle,85,12.0999,12.0999,5.1315,0.0270
1524,doll_057,doll,51,174.4986,174.4986,24.6423,0.0952
1003,cheese_003,cheese,66,20.8176,21.2366,9.1497,0.0553
581,bread_145,bread,71,46.6314,46.6314,44.8407,0.0288
1192,clock_011,clock,90,113.4623,113.4623,1.8436,0.0200
205,banana_014,banana,93,141.6253,141.6253,21.0807,0.0322
2420,kettle_003,kettle,77,6.0561,6.0561,17.4382,0.0257
3465,pitaya_045,pitaya,86,159.2927,161.4025,3.7941,0.0218
1176,chocolates_012,chocolates,43,70.2891,70.2891,11.8326,0.2671
2152,hammer_019,hammer,89,5.5273,5.5273,11.7509,0.0158
1896,frisbee_003,frisbee,108,5.1212,176.1387,4.8508,0.0454
3083,oyster_020,oyster,66,35.0585,35.0585,7.0363,0.0035
4420,sweet_potato_030,sweet_potato,82,10.5040,46.5825,12.4686,0.0358
2682,lotus_root_026,lotus_root,84,4.4720,40.3626,1.6298,0.0332
4534,teddy_bear_010,teddy_bear,96,112.7779,112.7779,11.2830,0.0276
203,banana_012,banana,73,175.9079,175.9079,3.1087,0.0360
616,bread_180,bread,85,131.5922,131.5922,10.1820,0.0734
4539,thermos_004,thermos,82,32.5125,32.5125,1.4646,0.0282
1446,dinosaur_031,dinosaur,59,22.0921,22.0921,6.2517,0.0489
1363,cup_001,cup,60,146.9511,146.9510,2.6010,0.0245
2298,haw_thorn_046,haw_thorn,37,5.5989,43.5819,14.1885,0.0308
3495,pizza_027,pizza,71,7.3976,13.3043,12.2243,0.0484
4821,toy_boat_056,toy_boat,76,172.5746,172.5745,7.6279,0.0654
203,banana_012,banana,73,8.0411,8.0411,0.9624,0.0410
581,bread_145,bread,71,8.3424,174.6528,1.4447,0.0032
756,bucket_noodle_026,bucket_noodle,63,4.5496,168.8736,2.1325,0.0157
4587,tissue_002,tissue,65,6.8355,6.8355,7.1561,0.0473
4098,shrimp_001,shrimp,87,157.2577,157.2577,26.8862,0.0318
4449,table_tennis_bat_003,table_tennis_bat,78,10.8703,173.5614,0.6098,0.0199
1431,dinosaur_014,dinosaur,74,3.6968,3.6968,13.4843,0.0761
4298,steamed_bun_053,steamed_bun,78,18.5129,116.1545,2.3267,0.0231
3134,pan_003,pan,128,79.0779,79.0779,9.9429,0.0560
4489,tape_measure_024,tape_measure,79,21.3547,21.3547,2.6110,0.0239
2085,hamburger_021,hamburger,85,161.7587,177.7598,14.0035,0.0213
2247,hat_022,hat,57,54.7584,54.7584,5.5517,0.0498
2776,mangosteen_018,mangosteen,62,40.8832,125.6117,4.7327,0.0280
4539,thermos_004,thermos,82,20.0685,20.0685,18.8280,0.0173
3305,pie_005,pie,77,5.1603,45.6919,3.0620,0.0112
51,apple_014,apple,69,7.5479,176.7236,3.8692,0.0265
2037,hair_dryer_037,hair_dryer,73,172.2640,172.2640,5.0374,0.0986
2175,hand_cream_020,hand_cream,78,7.5999,174.0518,1.9857,0.0138
3026,orange_011,orange,73,160.2628,172.7057,34.5878,0.0958
1363,cup_001,cup,60,27.6015,27.6015,87.8910,0.0554
2682,lotus_root_026,lotus_root,84,10.9350,19.5266,4.1962,0.0526
650,broccoli_003,broccoli,63,19.9011,21.0200,3.7742,0.0168
1277,conch_007,conch,44,24.8145,24.8145,2.1009,0.0192
2152,hammer_019,hammer,89,176.1419,176.1419,20.8632,0.0478
5130,waffle_015,waffle,70,13.1033,141.5751,13.3142,0.0250
913,candy_038,candy,66,64.6415,64.6415,14.8132,0.0818
1661,durian_006,durian,78,160.5337,160.5337,3.3305,0.0608
1363,cup_001,cup,60,6.7869,6.7869,2.0919,0.0267
946,carrot_012,carrot,110,74.4958,120.8516,21.3603,0.0322
5146,waffle_031,waffle,69,12.3523,171.9785,12.8358,0.0599
4286,steamed_bun_041,steamed_bun,78,1.5311,45.1835,3.6898,0.0403
5115,vase_015,vase,70,37.7498,38.3405,29.1886,0.0217
616,bread_180,bread,85,157.3369,179.5865,10.7812,0.0229
5238,watch_011,watch,49,83.2966,83.2966,5.5380,0.0305
3699,projector_004,projector,95,159.8261,159.8261,10.1034,0.0232
2776,mangosteen_018,mangosteen,62,3.9528,113.0452,3.5193,0.0240
1753,egg_tart_001,egg_tart,58,16.4071,103.0039,13.5778,0.0123
3866,ricecooker_003,ricecooker,97,176.3047,176.3047,1.9654,0.0312
221,banana_039,banana,35,164.5597,164.5597,37.3847,0.0235
1363,cup_001,cup,60,23.3936,23.3936,2.3343,0.0060
3355,pillow_027,pillow,97,10.7716,179.3874,2.9313,0.0452
745,bucket_noodle_014,bucket_noodle,71,2.9422,163.8224,3.7965,0.0506
3768,razor_004,razor,67,177.4137,177.4137,18.1702,0.0577
4074,shoe_015,shoe,101,175.2274,175.2274,9.3327,0.0176
1251,coconut_012,coconut,83,19.7978,62.9395,2.6682,0.0074
1676,durian_021,durian,117,139.4173,139.4173,5.2990,0.0393
4967,toy_plane_022,toy_plane,50,44.4176,44.4176,3.5464,0.0178
4729,toy_animals_013,toy_animals,137,17.3062,17.3062,5.8192,0.0047
2109,hamburger_050,hamburger,96,1.1430,55.2849,1.5975,0.0218
4161,soap_017,soap,51,10.2722,178.1585,2.2602,0.0421
4100,shrimp_003,shrimp,64,175.0426,175.0426,1.9192,0.0406
1219,clock_039,clock,91,174.8720,174.8719,20.8097,0.0385
2636,longan_018,longan,40,46.0583,50.5613,8.7722,0.0171
4286,steamed_bun_041,steamed_bun,78,4.1946,87.7226,5.4384,0.0576
752,bucket_noodle_022,bucket_noodle,76,1.0879,94.8965,5.2689,0.0110
2503,laptop_004,laptop,107,12.9285,12.9285,3.7408,0.0503
2566,light_024,light,97,20.7801,20.7801,2.1348,0.0474
5260,watermelon_028,watermelon,81,18.4589,18.4589,15.7665,0.0804
1947,glasses_case_001,glasses_case,105,7.0421,7.0421,3.5244,0.0294
3289,phone_shell_001,phone_shell,60,10.3566,10.3566,7.4228,0.0234
4074,shoe_015,shoe,101,13.2874,13.2874,3.6659,0.0195
2682,lotus_root_026,lotus_root,84,174.3259,178.9855,4.6504,0.0503
343,book_022,book,71,78.7067,101.3956,29.5309,0.0368
1992,green_bean_cake_013,green_bean_cake,56,75.7428,104.5425,8.1337,0.0363
616,bread_180,bread,85,41.2820,41.2820,6.3895,0.0697
4275,steamed_bun_022,steamed_bun,69,54.3812,86.4146,20.4874,0.0833
4074,shoe_015,shoe,101,179.6406,179.6401,10.6576,0.0695
4271,steamed_bun_017,steamed_bun,77,9.2346,14.7401,3.2390,0.0227
458,box_075,box,101,13.3876,178.9432,41.8150,0.0233
1690,dustbin_005,dustbin,111,80.5730,80.5730,45.0345,0.0601
2247,hat_022,hat,57,94.6844,94.6844,11.0292,0.0390
5138,waffle_023,waffle,37,4.7885,140.4895,6.2855,0.0465
205,banana_014,banana,93,29.9154,29.9154,10.7632,0.0282
4431,table_013,table,93,128.2593,128.2593,9.4063,0.0368
4345,suitcase_006,suitcase,104,132.3808,132.3808,66.2739,0.0468
1615,drum_002,drum,66,5.9060,12.1159,9.5716,0.0832
4241,squash_032,squash,87,110.6358,111.9597,12.5732,0.0223
4138,shrimp_041,shrimp,61,171.6132,171.6132,10.8941,0.0050
742,bucket_noodle_011,bucket_noodle,113,4.6974,135.3528,7.9325,0.0281
1676,durian_021,durian,117,112.9600,112.9600,9.9624,0.0240
3692,power_strip_032,power_strip,80,170.8627,170.8627,4.0427,0.0415
4161,soap_017,soap,51,5.9228,174.2103,1.2801,0.0159
3778,red_jujube_002,red_jujube,28,170.2831,176.8995,10.0702,0.0582
1615,drum_002,drum,66,3.3666,167.5193,6.4607,0.0331
5146,waffle_031,waffle,69,27.3412,29.4062,15.0157,0.0660
1495,doll_028,doll,80,21.1430,21.1430,6.7096,0.0611
1219,clock_039,clock,91,49.1998,49.1998,25.1647,0.0595
2298,haw_thorn_046,haw_thorn,37,13.0104,101.3827,4.9823,0.0173
1690,dustbin_005,dustbin,111,66.1921,66.1921,21.7006,0.0362
2067,hamburger_002,hamburger,67,159.8051,166.7005,4.0160,0.0074
345,book_025,book,95,45.9508,134.5440,6.4728,0.0199
345,book_025,book,95,3.7798,176.6285,6.3272,0.0351
4990,toy_train_005,toy_train,63,136.0511,136.0511,34.0337,0.0398
4490,tape_measure_025,tape_measure,68,4.4247,4.4247,3.1436,0.0162
4345,suitcase_006,suitcase,104,48.8224,48.8224,13.8141,0.0422
3506,plant_006,plant,106,56.2548,179.9287,28.2942,0.0904
1310,corn_011,corn,46,13.5602,53.2441,1.8126,0.0650
3134,pan_003,pan,128,7.2442,7.2442,3.4125,0.0254
2776,mangosteen_018,mangosteen,62,15.8144,55.2078,1.4670,0.0286
3650,potato_043,potato,75,27.0827,27.0827,6.5596,0.0349
3781,red_jujube_007,red_jujube,71,27.9307,166.7401,3.9076,0.0187
469,boxed_beverage_006,boxed_beverage,91,5.3768,5.3768,4.7146,0.0122
253,belt_019,belt,82,9.6375,178.8663,5.7566,0.0258
3286,pen_004,pen,55,170.6147,179.1010,11.4750,0.0279
4670,tooth_brush_011,tooth_brush,85,177.6896,177.6896,11.4752,0.0499
4835,toy_bus_007,toy_bus,76,69.6947,69.6947,9.4725,0.0965
812,burrito_006,burrito,88,6.0351,6.0351,15.7224,0.0705
5082,umbrella_002,umbrella,116,3.8224,58.3152,2.6211,0.0440
756,bucket_noodle_026,bucket_noodle,63,1.9333,39.1067,5.4407,0.0404
1176,chocolates_012,chocolates,43,153.6585,153.6585,25.6768,0.2033
616,bread_180,bread,85,12.7443,172.4659,6.2995,0.0301
4298,steamed_bun_053,steamed_bun,78,10.6186,67.3084,1.6544,0.0175
2431,keyboard_002,keyboard,133,10.8906,10.8906,13.0535,0.0229
4241,squash_032,squash,87,152.5499,153.6593,3.6376,0.0098
5138,waffle_023,waffle,37,20.1402,133.2495,2.4284,0.0230
4391,sweet_potato_001,sweet_potato,57,2.3653,6.0195,3.2808,0.0114
5260,watermelon_028,watermelon,81,18.2887,18.2887,6.8428,0.0478
1524,doll_057,doll,51,172.0171,172.0171,15.8466,0.0338
3342,pillow_010,pillow,129,77.5297,77.5297,3.9239,0.0119
852,cake_022,cake,91,141.1883,141.1883,2.5743,0.0460
616,bread_180,bread,85,124.8026,124.8026,59.8367,0.0941
51,apple_014,apple,69,138.0173,151.4677,4.0526,0.0772
3026,orange_011,orange,73,2.9293,157.7153,2.7003,0.0142
3286,pen_004,pen,55,38.8841,151.4376,22.2371,0.0435
2175,hand_cream_020,hand_cream,78,7.8098,7.8098,11.0328,0.0277
3080,oyster_017,oyster,64,32.7440,32.7440,3.1539,0.0456
1294,conch_025,conch,46,92.4984,92.4984,30.8267,0.0489
4990,toy_train_005,toy_train,63,127.2348,127.2348,6.6806,0.0199
4587,tissue_002,tissue,65,178.4236,178.8384,0.8427,0.0770
4649,tomato_020,tomato,49,12.5451,90.6386,9.3378,0.0736
5058,toy_truck_035,toy_truck,100,89.2412,89.2412,5.6358,0.0170
3657,potato_chips_006,potato_chips,37,33.0081,33.0081,8.2156,0.0342
776,bun_007,bun,83,111.7076,115.2656,13.0626,0.0210
1992,green_bean_cake_013,green_bean_cake,56,43.5595,163.6810,13.8711,0.0440
4729,toy_animals_013,toy_animals,137,132.2213,132.2213,8.3936,0.0269
1912,garlic_002,garlic,57,129.6863,129.6863,18.9118,0.0587
2106,hamburger_047,hamburger,82,2.2293,60.3349,1.7696,0.0226
817,burrito_011,burrito,90,16.0494,172.9221,4.8674,0.0315
817,burrito_011,burrito,90,12.5835,175.2131,1.1082,0.0328
4240,squash_031,squash,83,62.6386,138.6428,8.2994,0.0578
5332,yam_020,yam,96,99.8477,153.9120,19.9113,0.0207
4252,starfish_007,starfish,109,169.9791,169.9791,15.0104,0.0173
3080,oyster_017,oyster,64,30.2879,30.2879,3.1601,0.0447
1469,doll_001,doll,94,173.8985,173.8985,9.2459,0.0942
4034,shampoo_030,shampoo,85,39.1180,39.1180,6.3698,0.0112
1462,dish_012,dish,54,24.9141,24.9141,9.3133,0.0279
5188,wallet_042,wallet,101,178.2031,178.2030,1.8675,0.0338
4420,sweet_potato_030,sweet_potato,82,13.2049,29.3647,4.2023,0.0139
5299,whistle_011,whistle,51,31.6079,31.6079,6.9079,0.0694
2413,joystick_001,joystick,81,15.9048,15.9048,4.5176,0.0132
423,box_040,box,89,4.0951,179.1091,12.2244,0.0141
1485,doll_017,doll,45,111.3241,111.3241,7.4481,0.0657
5352,zongzi_005,zongzi,53,179.4335,179.4335,20.1904,0.0493
1204,clock_024,clock,73,28.6268,28.6268,2.6277,0.0085
1455,dish_005,dish,92,17.3779,80.1888,16.7422,0.0720
1217,clock_037,clock,72,106.4974,106.4974,2.7680,0.0049
913,candy_038,candy,66,25.8357,25.8357,2.9592,0.0477
4275,steamed_bun_022,steamed_bun,69,65.1031,179.0883,9.1856,0.0331
418,box_035,box,93,12.7131,178.0734,5.7463,0.0332
205,banana_014,banana,93,170.0514,170.0514,3.3589,0.0168
4499,teapot_009,teapot,119,30.6955,30.6955,2.1487,0.0299
4409,sweet_potato_019,sweet_potato,79,13.2186,133.7094,0.9399,0.0372
